,id,selftext,selftext_length,num_tokens
0,705am8,"I’m not sure about you, but for the past few years, I’ve been hearing people go on and on about PCs ""superiority"" to the console market. People cite [various reasons why they believe gaming on a PC is “objectively” better than console gaming](https://stari.co/articles/pc-vs-console-10-good-reasons-to-choose-a-pc), often for reasons related to power, costs, ease-of-use, and freedom.

…Only problem: much of what they say is *wrong*. 

There are many misconceptions being thrown about PC gaming vs Console gaming, that I believe need to be addressed. This *isn’t* about “PC gamers being wrong,” or “consoles being the best,” absolutely not. I just want to cut through some of the stuff people use to put down console gaming, and show that console gaming is incredibly similar to PC gaming. I mean, yes, this is someone who mainly games on console, but I also am getting a new PC that I will game on as well, not to mention the 30 PC games I already own and play. I’m not particularly partial to one over the other.

Now I will mainly be focusing on the PlayStation side of the consoles, because I know it best, but much of what I say will apply to Xbox as well. Just because I don’t point out many specific Xbox examples, doesn’t mean that they aren’t out there.

_____

# “PCs can use TVs and monitors.”

This one isn’t so much of a misconception as it is the implication of one, and overall just… confusing. This is in some articles and the r/pcmasterrace “why choose a PC” section,  where they’re practically implying that consoles can’t do this. I mean, yes, as long as the ports of your PC match up with your screen(s) inputs, you could plug a PC into either… but you could do the same with a console, again, as long as the ports match up.

I’m guessing the idea here is that gaming monitors often use Displayport, as do most dedicated GPUs, and consoles are generally restricted to HDMI… But even so, *monitors often have HDMI ports*. In fact, [PC Magazine has just released their list of the best gaming monitors of 2017, and *every single one of them has an HDMI port*](https://www.pcmag.com/article2/0,2817,2402169,00.asp). A PS4 can be plugged into these just as easily as a GTX 1080.

I mean, even if the monitor/TV doesn’t have HDMI or AV to connect with your console, just use an adaptor. If you have a PC with ports that doesn’t match your monitor/TV… use an adapter. I don’t know what the point of this argument is, but it’s made a worrying amount of times.

_____

# “On PC, you have a wide range of controller options, but on console you’re stuck with the standard controller.""

Are you on PlayStation and wish you could use a specific type of controller that suits your favorite kind of gameplay? Despite what some may believe, you have just as many options as PC.

Want to play fighting games with a classic arcade-style board, featuring the buttons and joystick? [Here you go](https://www.amazon.com/Joystick-PlayStation-Fighting-Officially-Licensed-Product/dp/B01I0GEDEY/)!

Want to get serious about racing and get something more accurate and immersive than a controller? [Got you covered](https://www.amazon.com/Thrustmaster-T300-RS-Racing-Wheel-PlayStation/dp/B01M1L2NRL/).

Absolutely crazy about flying games and, like the racers, want something better than a controller? [Enjoy](https://www.amazon.com/gp/product/B015PJ68BK/)!

Want Wii-style motion controls? [Been around since the PS3](https://www.amazon.com/PlayStation-Move-Motion-Controllers-Pack-4/dp/B01LD7MR2C/). If you prefer the form factor of the Xbox One controller but you own a PS4, [Hori’s got you covered](https://www.amazon.com/gp/product/B0106XFCPI/). And of course, if keyboard and mouse it what keeps you on PC, there’s a [PlayStation compatible solution for that](https://www.amazon.com/Tactical-Assault-Commander-Controller-Officially-Licensed/dp/B01JTOWU0K/). Want to use the keyboard and mouse that you already own? [Where there’s a will, there’s a way](https://www.amazon.com/Keyboard-Mouse-Adapter-Xbox-playstation-4/dp/B00MG654FM/).

Of course, these aren’t isolated examples, there are plenty of options for each of these kind of controllers. You don’t have to be on PC to enjoy alternate controllers.

_____

# “On PC you could use Steam Link to play anywhere in your house and share games with others.”

PS4 Remote play app on PC/Mac, PSTV, and PS Vita.

PS Family Sharing. 

Using the same PSN account on multiple PS4s/Xbox Ones and PS3s/360s, or using multiple accounts on the same console.

In fact, if multiple users are on the same PS4, only one has to buy the game for both users to play it on that one PS4. On top of that, only one of them has to have PS Plus for both to play online (if the one with PS Plus registers the PS4 as their main system).

PS4 Share Play; if two people on separate PS4s want to play a game together that only one of them owns, they can join a Party and the owner of the game can have their friend play with them in the game.

Need I say more?

_____

# “Gaming is more expensive on console.”

**Part one, the Software**

This is one that I find… genuinely surprising. There’s been a few times I’ve mentioned that part of the reason I chose a PS4 is for budget gaming, only to told that “games are cheaper on Steam.” To be fair, there are a few games on PSN/XBL that are more expensive than they are on Steam, so I can see how someone could believe this… but apparently they forgot about disks.

**Dirt Rally**, a hardcore racing sim game that’s… still $60 on all 3 platforms digitally… even though its successor is out.

* [PSN](https://store.playstation.com/#!/en-us/games/dirt-rally/cid=UP4001-CUSA03766_00-DIRTRALLYLABELNA) - $60

* [Xbox Live](https://www.microsoft.com/en-US/store/p/dirt-rally/bzr9gx1mvhcg) - $60

* [Steam](http://store.steampowered.com/app/310560/DiRT_Rally/) - $60

So does this mean you have to pay full retail for this racing experience? Nope, because disk prices.

* [PS4 Disc (Amazon)](https://www.amazon.com/DiRT-Rally-PlayStation-4/dp/B01AN88RGM?th=1) - $45

* [XB1 Disc (Amazon)](https://www.amazon.com/DiRT-Rally-PlayStation-4/dp/B01AN88RI0?th=1) - $26

**Just Cause 3**, an insane open-world experience that could essentially be summed up as “break stuff, screw physics.” And it’s a good example of where the Steam price is lower than PSN and XBL:

* [PSN](https://store.playstation.com/#!/en-us/games/just-cause-3/cid=UP0082-CUSA01493_00-JUSTCAUSE3NA0000) - $60

* [Xbox Live](https://www.microsoft.com/en-us/store/p/just-cause-3/br2f4dg4wxf8) - $60

* [Steam](http://store.steampowered.com/app/225540/Just_Cause_3/) - $50

Not by much, but still cheaper on Steam, so cheaper on PC… Until you look at the disk prices.

* [PS4 Disc (Used, Amazon)](https://prnt.sc/gg3qlh) - Currently $28

* [XB1 Disc (Amazon)](https://www.amazon.com/Just-Cause-3-Xbox-One/dp/B00PE1KNRU/) - $24 (discounted, regular $30)

See my point? Often times the game is cheaper on console because of the disk alternative that’s available for practically every console-available game. Even when the game is **brand new**.

**Dirt 4** - Remember that Dirt Rally successor I mentioned?

* [PSN](https://store.playstation.com/#!/en-us/games/dirt-4/cid=UP4001-CUSA07153_00-DIRT4U0000000001) - $60

* [Xbox Live](https://www.microsoft.com/en-us/store/p/dirt-4/c2mbdnds3h5w) - $60

* [Steam](http://store.steampowered.com/app/421020/DiRT_4/) - $60

* [*PS4 Disc (Amazon)*](https://www.amazon.com/DiRT-4-Day-One-PlayStation/dp/B01N9WJG1Q/) - *$45*

* [*XB1 Disc (Amazon)*](https://www.amazon.com/DiRT-4-Day-One-PlayStation/dp/B01N4SU6W9/) - *$45*

Yes, you could either buy this relatively new game digitally for $60, or just pick up the disk for a discounted price. And again, this is for a game that came out 2 months ago, and even it’s predecessor’s digital cost is locked at $60. Of course, I’m not going to ignore the fact that Dirt 4 is currently (as of writing this) [discounted on Steam](https://prnt.sc/gg4047), but on PSN it also happens to be [discounted for about the same amount](https://prnt.sc/gg409y).

_____

**Part 2: the Subscription**

Now… let’s not ignore the elephant in the room: PS Plus and Xbox Gold. Now these would be ignorable, if they weren’t *required for online play* (on the PlayStation side, it’s only required for PS4, but still). So yes, it’s still something that will be included in the cost of your PS4 or Xbox One/360, assuming you play online. Bummer, right?

Here’s the thing, although that’s the case, although you have to factor in this $60 cost with your console, you can *make it balance out, at worst, and make it work out for you as a budget gamer, at best*. As nice as it would be to not have to deal with the price if you don’t want to, it’s not like it’s a problem if you use it correctly.

Imagine going to a new restaurant. This restaurant has some meals that you can’t get anywhere else, and fair prices compared to competitors. Only problem: you have to pay a membership fee to *have the sides*. Now you can have the main course, sit down and enjoy your steak or pasta, but if you want to have a side to have a full meal, you have to pay an annual fee.

Sounds shitty, right? But here’s the thing: not only does this membership allow you to have sides with your meal, but it also allows you to *eat two meals for free every month, and also gives you exclusive discounts for other meals, drinks, and desserts*. 

Let’s look at PS Plus for a minute: for $60 per year, you get:

* 2 free PS4 games, *every month*
* 2 free PS3 games, *every month*
* 1 PS4/PS3 and Vita compatible game, *and* 1 Vita-only game, *every month*
* Exclusive/Extended discounts, especially during the weekly/seasonal sales (though you don’t need PS Plus to get sales, PS Plus members get to enjoy the best sales)
* ^(access to online multiplayer)

So yes, you’re paying extra because of that membership, but what you get with that deal pays for it *and then some*. In fact, let’s ignore the discounts for a minute: you get 24 free PS4 games, 24 free PS3 games, and 12 Vita only + 12 Vita compatible games, *up to 72* ***free*** *games every year*. Even if you only one of these consoles, that’s still 24 free games a year. Sure, maybe you get games for the month that you don’t like, then just wait until next month.

In fact, let’s look at Just Cause 3 again. [It was free for PS Plus members in August](https://gamerant.com/playstation-plus-free-games-august-2017/), which is a pretty big deal. Why is this significant? Because it’s, again, a [$60 digital game](https://prnt.sc/gg3wvm). That means with this *one* download, you’ve balanced out your $60 annual fee. Meaning? *Every free game after that is money saved, every discount after that is money saved*. And this is a trend: every year, PS Plus will release a game that balances out the entire service cost, then another 23 more that will only add icing to that budget cake. Though, you could just count games as paying off PS Plus until you hit $60 in savings, but still.

All in all, PS Plus, and Xbox Gold which offers similar options, *saves* you money. On top of that, again, you don't need to have these to get discounts, but with these memberships, you get *more* discounts.

Now, I’ve seen a few Steam games go up for free for a week, but what about being free for an entire month? Not to mention that; even if you want to talk about Steam Summer Sales, what about the PSN summer sale, or again, disc sale discounts? Now a *lot* of research and math would be needed to see if every console gamer would save money compared to every Steam gamer for the same games, but at the very least? The costs will balance out, at *worst*.

_____

**Part 3, the Systems**

* Xbox and PS2: $299

* Xbox 360 and PS3: $299 and $499, respectively

* Xbox One and PS4: $499 and $399, respectively.

Rounded up a few dollars, that’s $1,000 - $1,300 in day-one consoles, just to keep up with the games! Crazy right? So called budget systems, such a rip-off.

Well, keep in mind that the generations here aren’t short.

The 6th generation, from the launch of the PS2 to the launch of the next generation consoles, lasted 5 years, 6 years based on the launch of the PS3 (though you could say it was 9 or *14*, since the Xbox wasn’t discontinued until 2009, and the PS2 was supported all the way to 2014, a year after the PS4 was released). The 7th gen lasted 7 - 8 years, again depending on whether you count the launch of the Xbox 360 to PS3. The 8th gen so far has lasted 4 years. That’s *17 years* that the console money is spread over. If you had a Netflix subscription for it’s original $8 monthly plan for that amount of time, that would be over $1,600 total.

And let’s be fair here, just like you could upgrade your PC hardware whenever you wanted, you didn’t have to get a console from launch. Let’s look at PlayStation again for example: In 2002, only two years after its release, the PS2 retail price was cut from $300 to $200. The PS3 Slim, released 3 years after the original, was $300, $100-$200 lower than the retail cost. The PS4? You could’ve either gotten the Uncharted bundle for $350, or one of the PS4 Slim bundles for *$250*. This all brings it down to *$750 - $850*, which again, is spread over a *decade and a half*. This isn’t even counting used consoles, sales, or the further price cuts that I didn’t mention.

Even if that still sounds like a lot of money to you, even if you’re laughing at the thought of buying new systems every several years, because your PC “is never obsolete,” tell me: how many parts have you changed out in your PC over the years? How many GPUs have you been through? CPUs? Motherboards? RAM sticks, monitors, keyboards, mice, CPU coolers, hard drives— that adds up. You don’t need to replace your entire system to spend a lot of money on hardware.

Even if you weren’t upgrading for the sake of upgrading, I’d be amazed if the hardware you’ve been pushing by gaming would last for about 1/3 of that 17 year period. Computer parts aren’t designed to last forever, and really won’t when you’re pushing them with intensive gaming for hours upon hours. Generally speaking, your components *might* last you 6-8 years, if you’ve got the high-end stuff. But let’s assume you bought a system 17 years ago that was a beast for it’s time, something so powerful, that even if it’s parts have degraded over time, it’s still going strong. Problem is: you *will* have to upgrade *something* eventually.

Even if you’ve managed to get this far into the gaming realm with the same 17 year old hardware, I’m betting you didn’t do it with a 17 year Operating System. How much did Windows 7 cost you? Or 8.1? Or 10? Oh, and don’t think you can skirt the cost by getting a pre-built system, the cost of Windows is embedded into the cost of the machine (why else would Microsoft allow their OS to go on so many machines).

Sure, Windows 10 was a free upgrade for a year, but that’s only half of it’s lifetime— You can’t get it for free now, and not for the past year. On top of that, the free period was an *upgrade*; you had to pay for 7 or 8 first anyway.

Point is, as much as one would like to say that they didn’t need to buy a new system every so often for the sake of gaming, that doesn’t mean they haven’t been paying for hardware, and even if they’ve only been PC gaming recently, you’ll be spending money on hardware soon enough.

_____

# “PC is leading the VR—“

Let me stop you right there.

If you add together the total number of Oculus Rifts and HTC Vives sold to this day, and threw in another 100,000 just for the sake of it, [that number would still be under the number of PSVR headsets sold](https://www.engadget.com/2017/02/26/sony-sells-nearly-1-million-playstation-vr-headsets/).

Why could this possibly be? Well, for a simple reason: affordability. The systems needed to run the PC headsets costs $800+, and the headsets are  $500 - $600, *when discounted*. PSVR on the other hand costs [$450 for the full bundle](https://www.amazon.com/PlayStation-VR-Launch-Bundle-4/dp/B01N36E1XT/ref=sr_1_2?ie=UTF8&amp;qid=1505417929&amp;sr=8-2&amp;keywords=psvr&amp;th=1) (headset, camera, and move controllers, with a demo disc thrown in), and can be played on either a $250 - $300 console, or a $400 console, the latter recommended. Even if you want to say that the Vive and Rift are more refined, a full PSVR set, system and all, could cost just over $100 more than a Vive headset *alone*.

If anything, PC isn’t leading the VR gaming market, the PS4 is. It’s the system bringing VR to the most consumers, showing them what the future of gaming could look like. Not to mention that as the PlayStation line grows more powerful (4.2 TFLOP PS4 Pro, [*10* TFLOP “PS5…”](http://gamingbolt.com/ps5-will-launch-in-late-2018-will-be-more-than-10-tflops-analyst)), it won’t be long until the PlayStation line can use the same VR games as PC.

Either way, this shows that there is a console equivalent to the PC VR options. Sure, there are some games you'd only be able to play on PC, but there are also some games [you'd only be able to play on PSVR](https://www.playstation.com/en-us/games/rigs-mechanized-combat-league-ps4/).

…Though to be fair, if we’re talking about VR in general, these headsets don’t even hold a candle to, surprisingly, [Gear VR](https://uploadvr.com/samsung-gear-vr-5-million/).

_____

# “If it wasn’t for consoles holding devs back, then they would be able to make higher quality games.”

This one is based on the idea that because of how “low spec” consoles are, that when a developer has to take them in mind, then they can’t design the game to be nearly as good as it would be otherwise. I mean, have you ever seen the minimum specs for games on Steam?

[GTA V](http://store.steampowered.com/app/271590/Grand_Theft_Auto_V/)

* CPU: Intel Core 2 Quad CPU Q6600 @ 2.40GHz (4 CPUs) / AMD Phenom 9850 Quad-Core Processor (4 CPUs) @ 2.5GHz
* Memory: 4 GB RAM
* GPU: NVIDIA 9800 GT 1GB / AMD HD 4870 1GB (DX 10, 10.1, 11)

[Just Cause 3](http://store.steampowered.com/app/225540/Just_Cause_3/)

* CPU: Intel Core i5-2500k, 3.3GHz / AMD Phenom II X6 1075T 3GHz
* Memory: 8 GB RAM
* GPU: NVIDIA GeForce GTX 670 (2GB) / AMD Radeon HD 7870 (2GB)


[Fallout 4](http://store.steampowered.com/app/377160/Fallout_4/)

* CPU: Intel Core i5-2300 2.8 GHz/AMD Phenom II X4 945 3.0 GHz or equivalent
* Memory: 8 GB RAM
* GPU: NVIDIA GTX 550 Ti 2GB/AMD Radeon HD 7870 2GB or equivalent

[Overwatch](https://us.battle.net/support/en/article/65159)

* CPU: Intel Core i3 or AMD Phenom™ X3 8650
* Memory: 4 GB RAM
* GPU: NVIDIA® GeForce® GTX 460, ATI Radeon™ HD 4850, or Intel® HD Graphics 4400

[Witcher 3](http://store.steampowered.com/app/292030/The_Witcher_3_Wild_Hunt/)

* Processor: Intel CPU Core i5-2500K 3.3GHz / AMD CPU Phenom II X4 940
* Memory: 6 GB RAM
* Graphics: Nvidia GPU GeForce GTX 660 / AMD GPU Radeon HD 7870

Actually, bump up all the memory requirements to 8 GBs, and those are some decent specs, relatively speaking. And keep in mind these are the *minimum* specs to even *open* the games. It’s almost as if the devs didn’t worry about console specs when making a PC version of the game, because this version of the game isn’t on console. Or maybe even that the consoles aren’t holding the games back that much because they’re not that weak. Just a hypothesis.

But I mean, the devs are still *ooobviously* having to take weak consoles into mind right? They could make their games *sooo* much more powerful if they were PC only, right? Right?

No. Not even close.

[iRacing](http://store.steampowered.com/app/266410/iRacing/)

* CPU: Intel Core i3, i5, i7 or better or AMD Bulldozer or better
* Memory: 8 GB RAM
* GPU: NVidia GeForce 2xx series or better, 1GB+ dedicated video memory / AMD 5xxx series or better, 1GB+ dedicated video memory


[Playerunknown’s Battlegrounds](http://store.steampowered.com/app/578080/PLAYERUNKNOWNS_BATTLEGROUNDS/)

* CPU: Intel Core i3-4340 / AMD FX-6300
* Memory: 6 GB RAM
* GPU: nVidia GeForce GTX 660 2GB / AMD Radeon HD 7850 2GB

These are PC only games. That’s right, no consoles to hold them back, they don’t have to worry about whether an Xbox One could handle it. Yet, they don’t require anything more than the Multiplatform games.

[Subnautica](http://store.steampowered.com/app/264710/Subnautica/)

* CPU: Intel Haswell 2 cores / 4 threads @ 2.5Ghz or equivalent
* Memory: 4GB
* GPU: Intel HD 4600 or equivalent - This includes most GPUs scoring greater than 950pts in the 3DMark Fire Strike benchmark

[Rust](http://store.steampowered.com/app/252490/Rust/)

* CPU: 2 ghz
* Memory: 8 GB RAM
* DirectX: Version 11 (they don’t even list a GPU)

So what’s the deal? Theoretically, if developers don’t have to worry about console specs, then why aren’t they going all-out and making games that no console could even dream of supporting?

Low-end PCs.

What, did you think people only game on Steam if they spent at least $500 on gaming hardware? *Not all PC gamers have gaming-PC specs*, and if devs close their games out to players who don’t have the strongest of PCs, then they’d be losing out on a pretty sizable chunk of their potential buyers.

Saying “devs having to deal with consoles is holding gaming back” is like saying “racing teams having to deal with Ford is holding GT racing back.” A: racing teams don’t have to deal with Ford if they don’t want to, which is probably why many of them don’t, and B: even though Ford doesn’t make the fastest cars overall, they still manage to make cars that are awesome on their own, they don’t even need to be compared to anything else to know that they make good cars. 

I want to go back to that previous point though, developers having to deal with low-end PCs, because it’s integral to the next point:

_____

# “PCs are more powerful, gaming on PC provides a better experience.”

This one isn’t so much of a misconception as it is… misleading.

Did you know that according to the [Steam Hardware &amp; Software Survey (July 2017)](http://store.steampowered.com/hwsurvey) , the percentage of Steam gamers who use a GPU that's *less powerful than that of a PS4* ***Slim’s*** GPU is well *over 50%*? Things get dismal when compared to the PS4 Pro (Or Xbox One X). On top of that, the percentage of PC gamers who own a Nvidia 10 series card is about *20%* (about 15% for the 1060, 1080 and 1070 owners).

Now to be fair, the large majority of gamers have CPUs with considerably high clock speeds, which is the main factor in CPU gaming performance. But, the number of Steam gamers with *as much RAM or more* than a PS4 or Xbox One is *less than 50%*, which can really bottleneck what those CPUs can handle.

These numbers are hardly better than they were in [2013](https://www.hardocp.com/image/MTM3ODMwMjY5Njl1cmhVS28wd2NfMV8xX2wuanBn), all things considered. Sure, a PS3/360 weeps in the face of even a $400 PC, but in this day in age, consoles have definitely caught up.

Sure, we could mention the fact that even 1% of Steam accounts represents over 1 million accounts, but that doesn’t really matter compared to the 10s of millions of 8th gen consoles sold; looking at it that way, sure the number of Nvidia 10 series owners is over 20 million, but that ignores the fact that there are over 5 times more 8th gen consoles sold than that.

Basically, even though PCs run on a spectrum, saying they're more powerful “on average” is actually wrong. Sure, they have the *potential* for being more powerful, but most of the time, people aren’t willing to pay the premium to reach those extra bits of performance.

Now why is this important? What matters are the people who spent the premium cost for premium parts, right? Because of the previous point: PCs don’t have some ubiquitous quality over the consoles, developers will always have to keep low-end PCs in mind, because not even half of all PC players can afford the good stuff, and you have to look at the top *quarter* of Steam players before you get to *PS4-Pro-level specs*. If every Steam player were to get a PS4 Pro, it would be an *upgrade* for over 60% of them, and 70% of them would be getting an upgrade with the Xbox One X.

Sure, you could still make the argument that when you pay more for PC parts, you get a better experience than you could with a console. We can argue all day about budget PCs, but a console can’t match up to a $1,000 PC build. It’s the same as paying more for car parts, in the end you get a better car. However, there is a certain problem with that…

_____

# “You pay a little more for a PC, you get *much* more quality.”

The idea here is that the more you pay for PC parts, the performance increases at a faster rate than the price does. Problem: [that’s not how technology works](http://www.joeyoungblood.com/wp-content/uploads/2015/02/reddit-thats-not-how-this-works.jpg). Paying twice as much doesn’t get you twice the quality the majority of the time.

For example, let’s look at graphics cards, specifically the [GeForce 10 series cards](http://wccftech.com/nvidia-gtx-1060-specificaitons-and-benchmarks-leaked/), starting with the GTX 1050.

* 1.8 TFLOP
* 1.35 GHz base clock
* 2 GB VRAM
* $110

This is our reference, our basis of comparison. Any percentages will be based on the 1050’s specs.

Now let’s look at the GTX 1050 Ti, the 1050’s older brother.

* 2.1 TFLOP
* 1.29 GHz base clock
* 4 GB VRAM
* $140 retail

This is pretty good. You only increase the price by about 27%, and you get an 11% increase in floating point speed and a 100% increase (double) in VRAM. Sure you get a slightly lower base clock, but the rest definitely makes up for it. In fact, according to [GPU boss](http://gpuboss.com/gpus/GeForce-GTX-1050-Ti-vs-GeForce-GTX-1050), the Ti managed 66 fps, or a 22% increase in frame rate for Battlefield 4, and a 54% increase in mHash/second in bitcoin mining. The cost increase is worth it, for the most part.

But let’s get to the real meat of it; what happens when we double our budget? Surely we should see a massive increase performance, I bet some of you are willing to bet that twice the cost means more than twice the performance.

The closest price comparison for double the cost is the GTX 1060 (3 GB), so let’s get a look at that.

* 3.0 TFLOP
* 1.5 GHz base clock
* 3 GB VRAM
* $200 retail

Well… not substantial, I’d say. About a 50% increase in floating point speed, an 11% increase in base clock speed, and a 1GB *decrease* in VRAM. For [almost] doubling the price, you don’t get much.

Well surely raw specs don’t tell the full story, right? Well, let’s look at some real wold comparisons. Once again, according to [GPU Boss](http://gpuboss.com/gpus/Nvidia-GeForce-GTX-1060-vs-GeForce-GTX-1050), there’s a 138% increase in hashes/second for bitcoin mining, and at 99 fps, an 83% frame rate increase in Battlefield 4. Well, then, raw specs does not tell the whole story!

Here’s another one, the 1060’s big brother… or, well, slightly-more-developed twin.

* 3.9 TFLOP
* 1.5 GHz base clock
* 6 GB VRAM
* $250 retail

Seems reasonable, another $50 for a decent jump in power and double the memory! But, as we’ve learned, we shouldn’t look at the specs for the full story.

I did do a [GPU Boss comparison](http://gpuboss.com/gpus/GeForce-GTX-1060-9Gbps-vs-GeForce-GTX-1050), but for the BF4 frame rate, I had to look at [Tom’s Hardware](http://www.tomshardware.com/reviews/nvidia-geforce-gtx-1060-pascal,4679-3.html) (sorry miners, GPU boss didn’t cover the mHash/sec spec either). What’s the verdict? Well, pretty good, I’d say. With 97 FPS, a 79% increase over the 1050— wait. 97? That seems too low… I mean, the 3GB version got *99*.

Well, let’s see what [Tech Power Up has to say](https://www.techpowerup.com/reviews/NVIDIA/GeForce_GTX_1060/11.html)...

94.3 fps. 74% increase. Huh.

Alright alright, maybe that was just a dud. We can gloss over that I guess. Ok, one more, but let’s go for the big fish: the GTX 1080.

* 9.0 TFLOP
* 1.6 GHz base clock
* 8 GB VRAM
* $500 retail

That jump in floating point speed definitely has to be something, and 4 times the VRAM? Sure it’s 5 times the price, but as we saw, raw power doesn’t always tell the full story. [GPU Boss](http://gpuboss.com/gpus/GeForce-GTX-1080-vs-GeForce-GTX-1050) returns to give us the run down, how do these cards compare in the real world?

Well… a 222% (over three-fold) increase in mHash speed, and a 218% increase in FPS for Battlefield 4. That’s right, for 5 times the cost, you get *3* times the performance. Truly, *the raw specs don’t tell the full story*.

You increase the cost by 27%, you increase frame rate in our example game by 22%. You increase the cost by 83%, you increase the frame rate by 83%. Sounds good, but if you increase the cost by 129%, and you get a *79*% (-50% cost/power increase) increase in frame rate. You increase it by *358%*, and you increase the frame rate by *218%* (**-140% cost/power increase**). That’s not paying “more for much more power,” that’s a steep drop-off after the *third cheapest option*.

In fact, did you know that you have to get to the 1060 (6GB) before you could compare the GTX line to a PS4 Pro? Not to mention that at $250, the price of a 1060 (6GB) you could get an entire PS4 Slim bundle, or that you have to get to the 1070 before you beat the Xbox One X.

On another note, let’s look at a PS4 Slim…

* 1.84 TFLOP
* 800 MHz base clock
* 8 GB VRAM
* $300 retail

…Versus a PS4 Pro.

* 4.2 TFLOP
* 911 MHz base clock
* 8 GB VRAM
* $400 retail

128% increase in floating point speed, 13% increase in clock speed, for a 25% difference in cost. Unfortunately there is no Battlefield 4 comparison to make, but in BF1, the frame rate is doubled (30 fps to 60) *and* the textures are taken to 11. For what that looks like, I’ll leave it up to [this bloke](https://www.youtube.com/watch?v=_BAeT0tFkFo). Not to even mention that you can even get the texture buffs in *4K*. Just like how you get a decent increase in performance based on price for the lower-cost GPUs, the same applies here.

It’s even worse when you look at the CPU for a gaming PC. The more money you spend, again, the less of a benefit you get per dollar. [Hardware Unboxed covers this](https://www.youtube.com/watch?v=4Jc_2EQb658) in a video comparing different levels of Intel CPUs. One thing to note is that the highest i7 option (6700K) in this video was almost always within 10 FPS (though for a few games, 15 FPS) of a certain CPU in that list for just about all of the games.

…That CPU was the lowest *i3* (6100) option. The lowest i3 was $117 and the highest i7 was $339, a 189% price difference for what was, on average, a 30% or less difference in frame rate. Even the lowest *Pentium* option (G4400, $63) was often able to keep up with the i7.

The CPU and GPU are usually the most expensive and power-consuming parts of a build, which is why I focused on them (other than the fact that they’re the two most important parts of a gaming PC, outside of RAM). With both, this “pay more to get much more performance” idea is pretty much the inverse of the truth.

_____

# “The console giants are bad for game developers, Steam doesn't treat developers as bad as Microsoft or especially Sony.”

Now one thing you might’ve heard is that the PS3 was incredibly difficult for developers to make games for, which for some, fueled the idea that console hardware is difficult too develop on compared to PC… but this ignores a very basic idea that we’ve already touched on: if the devs don’t want to make the game compatible with a system, *they don’t have to*. In fact, [this is why Left 4 Dead and other Valve games aren’t on PS3](https://www.tomsguide.com/us/valve-half-life-orange-box,news-4058.html), because they didn’t want to work with it’s hardware, calling it “too complex.” This didn’t stop the game from selling well over [10 million units worldwide](https://en.wikipedia.org/wiki/Left_4_Dead). If anything, this was a problem for the *PS3*, not the dev team.

This also ignores that games like LittleBigPlanet, Grand Theft Auto IV, and Metal Gear Solid 4 all came out in the same year as Left 4 Dead (2008) on PS3. Apparently, plenty of other dev teams didn’t have much of a problem with the PS3’s hardware, or at the very least, they got used to it soon enough.

On top of that, when developing the 8th gen consoles, [both Sony and Microsoft sought to use CPUs that were *easier* for developers](https://www.forbes.com/sites/patrickmoorhead/2013/06/26/the-real-reasons-microsoft-and-sony-chose-amd-for-consoles/#5ddaf1612185), which included making decisions that considered apps for the consoles’ usage for more than gaming. On top of that, using their single-chip proprietary CPUs is cheaper and more energy efficient than buying pre-made CPUs and boards, which is far better of a reason for using them than some conspiracy about Sony and MS trying to make devs' lives harder.

Now, console exclusives are apparently a point of contention: it’s often *said* that exclusive can cause developers to go bankrupt. However, exclusivity doesn’t have to be a bad thing for the developer. For example, when Media Molecule had to pitch their game to a publisher (Sony, coincidentally), they didn’t end up being tied into something detrimental to them.

[Their initial funding lasted for 6 months. From then, Sony offered additional funding, in exchange for Console Exclusivity](https://youtu.be/_JOgHB_Zssg?t=53s). This may sound concerning to some, but the game ended up going on to sell [almost 6 million units worldwide](http://www.vgchartz.com/game/12390/littlebigplanet/) and launched Media Molecule into the gaming limelight. Sony later bought the development studio, but 1: this was in 2010, two years after LittleBigPlanet’s release, and 2: [Media Molecule seem pretty happy about it *to this day*](http://gameranx.com/updates/id/116313/article/media-molecule-praises-excellent-relationship-with-sony-dreams-is-amazing-in-vr/). If anything, signing up with Sony was one of the best things they could’ve done, in [*their*](http://wccftech.com/media-molecule-sony-dreams-amazing-vr/) opinion.

Does this sound like a company that has it out for developers? There are plenty of examples that people will use to put Valve in a good light, but even Sony is comparatively good to developers.

_____

# “There are more PC gamers.”

The total number of active PC gamers on Steam has surpassed [120 million](https://www.vg247.com/2015/02/24/steam-has-over-125-million-active-users-8-9m-concurrent-peak/), which is impressive, especially considering that this number is [double that of 2013’s figure (65 million)](https://www.engadget.com/2013/10/30/valve-steam-65-million-users/). But the number of *monthly* active users on Xbox Live and PSN? About 120 million ([1](http://www.ign.com/articles/2017/05/23/playstation-network-now-has-70-million-active-users), [2](https://mspoweruser.com/microsoft-reports-52-million-active-xbox-live-users-last-quarter/)) total. EDIT: You could argue that this isn't an apples-to-apples comparison, sure, so if you want to, say, compare the monthly number of Steam users to console? Steam has about half of what consoles do, at [67 million](https://www.geekwire.com/2017/valve-reveals-steams-monthly-active-user-count-game-sales-region/).

Now, back to the 65 million total user figure for Steam, the best I could find for reference for PlayStation's number was an article giving the number of registered PSN accounts in 2013, [150 million](https://www.statista.com/statistics/272639/number-of-registered-accounts-of-playstation-network/). In a similar 4-year period (2009 - 2013), the number of registered PSN accounts didn’t double, it *sextupled*, or increased by *6 fold*. Considering how the PS4 is already at 2/3 of the number of sales the PS3 had, even though it’s currently 3 years younger than its predecessor, I’m sure this trend is at least generally consistent.

For example, let’s look at DOOM 2016, an awesome faced-paced shooting title with graphics galore… Of course, on a single platform, it sold best on PC/Steam. [2.36 million Steam sales](https://steamspy.com/app/379720), [2.05 million PS4 sales](http://www.vgchartz.com/game/83086/doom-2016/), [1.01 million Xbox One sales](http://www.vgchartz.com/game/83087/doom-2016/).

But keep in mind… when you add the consoles sales together, you get over *3* million sales on the 8th gen systems. Meaning: this game was best sold on console. In fact, [the Steam sales have only recently surpassed the PS4 sales](https://www.reddit.com/r/Doom/comments/5ir87e/doom_2016_has_sold_roughly_36_million_copies_this/). By the way VG charts only shows sales for physical copies of the games, so the number of PS4 and Xbox sales, when digital sales are included, are even *higher* than 3 million.

This isn’t uncommon, by the way.

Even with the games were the PC sales are higher than either of the consoles, there generally are more console sales total. But, to be fair, this isn’t anything new. The number of PC gamers hasn’t dominated the market, the percentages have always been about this much. PC can end up being the largest single platform for games, but consoles usually sell more copies total.

EDIT: There were other examples but... Reddit has a 40,000-character limit.

_____

# ""Modding is only on PC.""

[Xbox One is already working on it, and Bethesda is helping with that](http://www.ign.com/articles/2016/05/27/bethesda-to-stream-fallout-4-xbox-mods-later-today).

[PS4 isn't far behind either](http://www.businessinsider.com/fallout-4-skyrim-mods-ps4-bethesda-2016-10). You could argue that these are what would be the beta stages of modding, but that just means modding on consoles will only grow.

_____

# What’s the Point?

This isn’t to say that there’s anything wrong with PC gaming, and this isn’t to exalt consoles. I’m not here to be the hipster defending the little guy, nor to be the one to try to put down someone/thing out of spite. This is about showing that **PCs and consoles are overall pretty similar because there isn’t much dividing them**, and that there isn’t anything wrong with being a console gamer. There isn’t some chasm separating consoles and PCs, at the end of the day they’re both computers that are (generally) designed for gaming. This about unity as gamers, to try to show that there shouldn’t be a massive divide just because of the computer system you game on.

On r/simracing, one thing I’ve noticed is a quiet agreement amongst the community; using budget hardware isn’t something that you’re put down for. People with $2,000 direct drive wheels will be happy to help someone decide on which $200 wheel to get, and budget gamers are taken just as seriously as racers as those who spent thousands on their setup. That’s the kind of environment I want to see gamers in; whether you got a $250 PS4 Slim or just built a $2,500 gaming PC, we’re here to game and should be able to have healthy interactions regardless of your platform.

I’m well aware that this isn’t going to fix… much, but this needs to be said: there isn’t a huge divide between the PC and consoles, they’re far more similar than people think. There are upsides and downsides that one has that the other doesn’t on both sides. There’s so much more I could touch on, like how you could use SSDs or [3.5 inch hard drives with both](https://www.amazon.com/Nyko-Data-Bank-Plus-PlayStation-4/dp/B01MQ62EZ4/ref=sr_1_4?ie=UTF8&amp;qid=1505420932&amp;sr=8-4&amp;keywords=ps4+3.5+hard+drive), or that even though PC part prices go down over time, so do consoles, but I just wanted to touch on the main points people try to use to needlessly separate the two kinds of systems (looking at you PCMR) and correct them, to get the point across.

I thank anyone who takes the time to read all of this, and especially *anyone who doesn’t take what I say out of context*. I also want to note that, again, *this* ***isn’t*** “*anti-PC gamer*.” If it were up to me, everyone would be a hybrid gamer.

Cheers.",40010,11611
1,9zwl56,"its taken me and my girlfriend a while to contemplate this
down to some type of system of logical teaching and thinking which I could try and first explain.
The knowledge and works you start to see evident. 
And what awe have learnt to be the reality of the this world and how our bodies are.
This is the truth.
Everything is about to change.
There will be revolutions.
Magic is real. The dead are alive. Our ancestors and everyone who has died are alive right Now. And we are all okay. 

We Are Going to just be straight and as detailed as we know how, Quick in regards to alot of this , probably mistakes etc But Everything fundementally will be there, and yes still more than what explained is there more to know of. Way More things that we dont see the need to put effort into ourselves atm within this piece of writing, but the thing is once you read on and see all the things that have been fractured amonst our learnings, kept hidden, and taken from us, just in these alone will you be astounded by, and so will think in new expanding ways and yourself will seek to know further things. 

And at the end of this in the comments will be many separate links leading to very specific and obscure things that no one just stumbles upon really. Videos, pdfs. All free and that. and everything true. You need to wrap your mind around that concept, that everything you read n within is true. About things you shouldnt believe, for that is the way our hearts have been influenced over by the constant overwhelming distractions spellcasted upon our minds by they who have control over society in this holy war against our kind, and by vain lusts curse all in their pursuits.

Everything we arent suppose to believe in is true. We are basically like children learning life all over again. 
We Are doing these things.

I ll Start With The Aura, The Charkras, Psychokenisis, Telekenisis. 

NOw understand that even things like charkras are mainstream through yoga and multiple new age movements know that these are all just conditional, your teachers know nothing honestly. They have no idea what you should know. And just like 99 percent of charkra gurus teachers that deal with the let basics have no idea themselves and teach limited things for all they are allowed to know in their vain pursuits are limited things. For they settle with the content. And So they perserveer no longer

Ill jump strait into it like this.

We are moving things with our auras/and mind, empathy. Amongst others. Getting better at it by the day. We are starting to Levitate objects now.
aura and empathetic thought and feeling implantation through the aura field etc.. this is real. I can not express in words alone how trippy this is and how at home this feels, to see and thus know that this is happening before your eyes. 
And I have only been practicing and studying Psychokinesis pyrokenise electrokenis, for about
two months. Tho i dedicate at least an hour a day to it atm, both mental conditioning to
teach and prepare my mind to witness such things, reconditioning my spirit and mind to
allow such things to be prepared to be witnessed, and ancient meridian energy meditation
systems. The chakra energy system. Hand chakras etc. And other discipline.
I can see auras now after intense focus training. Its incredible, its also something that can be turned on and off.  Some people
claim to see auras some do but most only see the faintest bit of it and claim that to themselves in ignorance, to actully see the aura in full brilliancy is wondrous and something obviously that
must be shared with excitement, so why are they not excited to express their knowledge.? because they are only seeing the basic of it. 
it takes alot training. Thats how badly we have been conditioned into darkness. don’t you think its a big deal that everything we see around us glows with the most brillance of geometric colors like you could not believe yet, a living moving rhythmic entity emanating from every individual thing around us, that feels and reacts, that is aware in a weird sense unto our acknowledgment of the connection of focus between the both, unblocking this vortex within the ahnja chakra allows us to do these things,and more than these which I have written. but yet someone thought it wasn’t important to our education to know these things about ourselves and the things around us, about how our bodies work and how the things around us work, and so instead taught us that yes energy exists all around us but can only be seen in this thing called mathematics etc. Again, conditioning to the mind

In the past we were motivated by too narrow a conception of what we are, now you will begin to see your life in terms of a larger perspective. You should do whatever is necessary to make sure that you can live according to this new understanding. This influence will cause you to cut away your past and reorient your life in accordance with the larger vision you will have now.

You can see around you with closed eyes as clear as day seeing from within the third eye. Seeing with the eyes closed, try and wrapp your mind around how trippy that will be for you the first time. And its something that can be turned on off etc. i can tell If tell someone is instantly lying to me by their aura changes no shit this is how real this is to
the world. i can see how everyone around me is feeling and in a sense know how their
thoughts are just by this power. I can tell for example out of a crowed if someone is a muderer, just by the sadness in their aura. You cant hide the past from your
emotions, and that sadness lingers and can easily be distinguished in ones aura the
tones of their spirit and heart. I can read minds with this in certain instances. For
example, if I asked you what colour your thinking of in your mind, your aura will then
show flashes and images of that colour, our aursa cant hide ours-elf from anyone I don’t
think. I know all intentions of all people, no matter how good they think they are at lying. If they are thinking negative thoughts about me beneath their breath I could tell in their aura.
Their aura cant lie. Another example, if I asked you to think of a number, the number you
think of will be able to be read from your aura. If I asked you to think of a picture, the
picture will swirl with colours and patterns in the aura. I spent ages the other
day just staring at this pigeon in the backyard focusing training to develop my skill
of focusing on auras of living animals also instead of just stationary objects.
Aura is a key sense to all of this ive come to understand. So understand from that then how vital this sense is. Aura is third eye sense related/pineal gland.
The aura Its like the language of light.
energy is light. Everything is energy. Etc etc. With certain specific training to uses this organ the
pineal gland, you will start to see when you want somebody's entire form, beyond just the
body solidified, but their entirety, form and their light.
The holy language, eternally based on feeling and thought, being, and knowing.
Now besides that for the past year I have been studying also all the ancient magical
Knowledges of the Astral.
The holy art to project your conscious mind forward in the form of an astral body, which an individual can separate his consciousnesscc from his physical body.
Our projected double, the Astral Double, can freely move through time and space within the astral plane.
And when your physical body sleeps and the astral body leaves, the physical body just rests. No harm can come to you through this.

Once you learn how to do this you'll have proved this to yourself. If you are lying in bed, or sitting, after about probably half hour for your first time there will come a point during the meditation the climax where your body will start vibrating, and this is where the trip begins, during the vibration focus conscious attention to all your body parts, each limb, imagine moving each limb individually for bout two mins each, but lay as still as you can, don't move at all, just imagine moving instead. Now after this imagine the sensation of standing up without moving. Like trying to rise onto your feet. A good way to think of it is picture your astral body just swinging back and forth and then just roll off the bed out of your body. You then will be able to rise up, turn around and look at yourself lying on the bed. You'll have proof enough when you are able to look at your physical body, from outside of it. This is how incredible this is. That we can do these magical things but yet have never been taught them, instead conditioned all our lives generation after generation throughout the ages to have no understanding of such magic.
This magicalknowledge/skill allows us to project our consciousness outside of our body
into our astral body, its like a body of light can see what you are doing at any time, where
ever you are, as clear as it would be in real time for me. I could be there right now in
astral form right in front of your face seeing and hearing everything you do, smelling the air, feeling the couch, and you wouldn't know. Because you don't know how to sense that world yet.
You don't know the astral realm, its planes, or how to access them, you don't know how
project your consciousness into the astral light form and exit the body. Basically along
the same lines as Donny darko. Silver energy cord and all. And the silver cords length is
infinite and its strength indestructible, so you always have I direct line back to my body, or you can just
think back to your body and you'll be there. Or just follow the cord back.
I could watch everything you do bro, that's how real this is. How serious this is. Walk and
fly through walls, over cities, towns, counties, moons planets, And takes great skill. Also there's much more to all this astral knowledge that we can do the I have the energy to write down, youll know about it soon tho. Start by researching it online tonight tho. This is all going to be so interesting to you. It is like being a little child again, especially with the psychokinesis part as-well playing around with objects experimenting with different weights and materials to train with to make move etc. Its like learning life all over again, because we are in every deepest aspect legit. Its like you been living with third leg this whole time and didn’t know, and so now your teaching your self to walk with it so you can run.

Im going to have to keep reaffirming that all I say is true.
Because I know that I also talk not only to the hearts of people but the fisard that has been given authorty to exist, your entraned form, youre tranced , there is no telling you in any other way more politely.
Please Listen to everything I am saying. That we know to be the truth of our world.
Our whole reality is astral infinity. There's no diffrence to the astral reality and this one except our minds arent sensually aware. 


Now on to spirits.
And the holy magical art of conjuration and divination.
I say these things only because I know this to be true. And so I know how important this is for all the worlds people to know mainstream. You need to hear this shit.
This is what me and my girlfriend know and do.
And this is what bad people are doing to ruin.
Youll wish to speak to your great grandfathers and mothers no doubt.
You have no idea how long the spirits of our ancestors have been waiting for this age, these days, when the spirits are reunited upon the earth with the living by means of such knowledge and understanding, and so no longer will man be forced to take council and orders as slaves by the worst of man.

During ceremonial magic, me and my girlfriend can speak face to face with spirits. I can summon any spirit i
assume yet.
And I said these things will become evident to you.
During ritual , you can call to full manifestation right before
your eyes, there standing before your eyes, the ghosts of your, mine, our ancestors to real and visible appearance before all your senses. To talk to, converse with. to ask and to listen from. For guidence, to chill with etc or for divination and to see the future etc or whatever..
Pre school knowledge. Stone age tech is how I consider the quijie board now, you could not yet begin to imagine how serious I say that stamen too. For when youre staring face to face, eye to eye with a spirit, and you hear it talk, you see it mouth move, its eye full with life, or death, but yet still something that is there existing on its own term and individuality within its own space within life, something completely seperat and uterrly foreign to anything to any place you’ve ever know to exist, when you smell its purfum, or its foul odors, when you see it walk, fly, transform into all differential forms and shapes, animals of beauty, beasts of something monstrous,, when you realize youre having an actual comprehensible conversation to it and it has its own personality and realness as any person would those in nothing less than grander than any person you’ve seen. When you see it forming with the triangle, this entity, these things with such power and such godlike given abilities, and given abilities too which can be chosen to have real and fast influence within this world, that they may serve and direct you in anything you command. When you feel the atmosphere change during the conjurations, depends on what sort of spirit or diety your calling, alot have other spirits beneath them etc, legions, so sometimes most often random spirits start appearing around the circle, in all shapes and forms, faces, styles, youll sometimes hear sounds singing, screaming, chanting, animal sounds etc. Usual demons apear as monstours creaures with foul smells and crazy shapes and forms, half humans half animals, hideous shadows, or sometimes just fair looking people.

And youll soon see the reason why we don’t know these things, that they have been kept from us. Because look what has been kept hidden. And youll be furious about it and you have every god given right to be. Be furious for our people/ for our ancestors. Our fathers and mothers, our grand parents, for all that was stolen from them and misled unto them. For all the confusion and chaos that has been cast upon the world against their decendents : us. For we are their children. I tell you, youll hear the spirits rejoicing. Our ancestors have been inprisoned from us, and us to them and truly how they yearn to speak to us again, for it is their joy to see our faces, and to guide and direct the us, their children, untill the great unveiling, So understand that to the ones who fight against the prininipalitis of life and to the destrucion of all that is holy of us and the creation, our reason and our meaning into creation, that the things I have
written within and only a few things, for there is more, but that our ignorance of them is of great importance to they who have kept us ignorant of it all.
That in these holy rites are the knowledge of the ways, the magical rites of how to open the astral portals between the sphears,, and find upon where they reside, earths upon earths, within the great creation.

And so theres nothing more contemptible than to suppose public records to be true on all accounts. To generalize is to be as intended; an idiot, and general knowledges are those knowledges that have become weaponized for conditional means, the public records.

The power of Death is great, by reason of the great sins. Therefore too are the priests of the black, the servents of death able to perform great things, although they do subsist in their own limits, nevertheless they are above all humane apprehension in their terrible works .
And you will see soon the many errors of the majority of those who pretend to be servile to nature have been guilty. And their leaders will be held accountable to their truths.

The circle of magick, the triangle of manifestation, the rituals, is the barrier, the temple, and the gate between the worlds. The circle is an infinit form, PI etc. So a magic circle becomes a region of space within this causual realm of infinite depth, a portal of entrance. The magical triangle of art is a finite form, and with The Magical Holy Arts After at least a three Purification of Abstinith And During Ritual once the spirit and starts gaining form you can direct it to manifest within the triangle. A Finite space, And so a place unto which it can gain form within, for this is a being alien to all forms of our reality, so the magician needs to create magicaily a space that which its Acasual form can literally be built from, like a causual body ,and from the evocation triangle of art can the finite space be that antimatter unto that which gains form and transforms into matter throught this magical ritual.


So believe that those psychic, ghost, paranormal investigators on all those shows really have not much of an idea of what
they are doing, walking around with 'state of the art' tech trying in vain for a thrill to justify
for themselves. The knowledge I know is beyond anything these people have found, yet
they dedicate their entire life's to see the things there is to see, that i have seen, and you
will see, and yet they understand not. For in their hearts they search for faith, not for
understanding. And so there is no humility. And so how can they be trusted.
And so the spirits persevere with them not Im guessing. And by holy council are they directed to remain ignorant in belief to such. They have spent their whole life researching I suppose everything there is to know about

ghosts etc, but yet have not found what I have found. Their eyes have not been led to see
such knowledge.
Or just how yoga instructor or anyone else who studies the chakras etc masters and students of what I know; yet haven't seen nor heard the knowledge to do the things like telekinesis and other stuff. Which uses the charkas also.
And just like majority of magicians who cant do what dynamo or a few others can do, because they don’t know how to do telekinesis, pyrokenises, telepathy, or how to manifest astral matter within the aurafield. Etc etc
Once you see your Great fathers and mothers youll know. undeniable, and that we have been lied to our entire lives. And they whom have lied to us are only telling us what they themselves know and have dedicated either their best or worst intention of their life towards, doctors for example, and what they have been told to believe in are lies, and so on and so forth. Usual pyramid shit. The structure, the governmental shape of slaves and kings. And no idea man how deeps this goes atm. And yes so youll see and that I have learnt that nothing can be put past these orders and sects. what is happening and has been happening now and for eons. And the Good spirits have not forgotton us.
So many prophecies will be coming into play soon. Many works from many great astrologers and sages through out the ages, and which the spirits proclaim, that great will events be of this age. For this generation. Tho not even the angels know the days of such events. for this they have not been ordained to know.

These arts are not something so easily found, its more something that eyes are led to then someone ever stumbling upon. the names of these works are just words somebody would ever just combine together to think to research, they are very obscure. These scriptures, books, grimoirs
are hand documentation' by magicians, priests and priestess of thousands upon
thousands of years. Systems that work. Knowledge held in the highest regard above all
else.
These people wernt stupid. Our ancestors wernt out of touch with reality. And that we have been led to assume so is a great disrespect to they who strived and walked before us, and too an insult to because were their children. So why have we been calling our parents stupid. Why have everything they left for us been undermined, all their words, their wisdom. So that we ourselves may never know the truth or believe it if questioned. For in our arrogance do we feel superior to they all who have walked before. They knew that
a rock fell to the ground when unacted upon from a height. They wernt delusional.
This isn't what the typical acient Egyptian civilian, or ancient everyday individual knew.
The everyday ancient civilian could have never imagined that all their gods/deities/ spirts of all kind could
literally be summoned through ritual to be spoken with face to face, voice to voice in full
beholdble form, same to as any spirit. What they never imagined was. That there's ancient
technology passed down that allowed the magical opening of actual portals, in which the
sage can use his developed acausal empathic magicalskill to direct the spirit to full
manifestation within the magic triangle of art.
To stand before you in its great form, to answer or discuss anything we have to say or
find out, also to fulfill any commands that we may wish to give to the entity. This is whats my gf and I do, preparing. For theres going to be revoloutions soon.

To the point of realization that the discovery soon is that if you're not doing magic then what the are you even doing with your life. All magic works, this is real. Spells, enchantments, runee and taismatic magic, egyptian magic, norse magic, vodou magic etcetc. Everything, wrap your head around that, and know soon again you will see these things true. Theres spells and rituals for invisibilty, real. Theres spirits that can do these things for you if you wish as well, or teach you the spells and rituals to do so yourself. I say invisibility to show the extent of how real magic is, tho impossible it does sound. \
But its like this….. Never in the history of science has there been more published scientific journal retractions than there has ever in the history of their documentations.

That we aren't born
into this world a master of anything, and for that reason are we obliged to learn. We must
apply ourselves whole heartily, and seek to know ourselves, because there is not a more
shameful title than that of the ignorant person, and nothing more unworthy in us as
designed for the purpose that we are, than to find ourselves ignorant in all circumstances, especially now bro in these times,
as the blindness who let themselves be led, they who take pleasure in falsehood and vanity. And
these things are said that it may serve all as an example not to curse against your life any
longer in trance of vain petty and useless pursuits.
For we and the people of heart are being set free.
For how much anxiety is there and grief caused to the hearts of the people with the confusion thats conditioned into us about where our loved ones are, and what may be. What a great blasphemy upon their hearts.
Here we are being taught the lessons we will need to conquer for the ages, not for
ourselves just, but for the righteousness of Creations work, the glory of Christs covenant, towards the holy spirit of life, that the deliverance of our people into the true freedom.

1 Stone hedge is an ancient magic circle, used for evocations and other arts. Its a gate that during ritual becomes a portal. It hasn’t been used in thousands over years, not sure how old stone hedge is. Its designed for a certain constalation. So a certain universal place. 

2 same goes for the temple in india. And its seventh gate. That soon will be opened. 

3.crop circles are the same. They are places where people, sects, and orders gather to perform certain rituals and magical spell enchanmenst etc… all the patterns and their geometry speak hidden meanings people have no idea about yet. 
Alot of the patterns are literaly created by magic, or by spirits themselves. No one honestly spent hours or days doing all that, its done with incantations and by ways you have no conception of yet.

4.the majority of magicians don’t know the things the few know, they can go about their whole carrers performing very intricate illusions and well established ‘magic’ but yet never stumble across the knowledge to do the things that dynamo or yiff or a small other few can. They themselves will go about their whole lives studying everything there is tho know about magic but yet still never know that yes levitaion and telikenis is real, they will never learn how to pull astral matter down into teh aura field and manifest it within the aura field and bring something into seemingly from nothing. This is real. 

5 the upcoming world will be a place where the strong become week and the wise of heart become strong. That only the ones who seek understanding will be the strongest and no one will be able to intimidate or stand against. Because see, muscles, guns, its all going to become irrelevent. Becasue if I can make your bones become like water, or your muscles become harder than stone, but not how you hope, youd be frozen on spot, then what use are your muscles ? you wont be able to touch me. If I can stop bullets with the aura, then what are guns to you anymore? How will be able to hurt me, or my family, or my friends, or our people? . The people are being empowered. None will be able to bully for they can now be held accountable for their actions. 

6 The dead are about to rise. See the things we know and such that have been discussed is just further parts of revelations coming into play. Everyone you love, all who have passed will be before your eyes soon. You will soon be able to see and talk to all who have passed after the resurection. This is true. This is real. This is happening. We know these things to be so and this is how it will happen. And you will know these things yourself soon.

The Rulers Of This World Are About To Be Called Into Account. And All Inequity Made Known. And All Oppressors Will Squirm As They Search For Reasoning To The Madness Thats About To be Unleashed.

Do What Thou Wilt.

Know If Death Had Its Way: Everyone You Love Would Be Cast To This Dirt As How Me And My Love Disposes Of The Ash To Our Lavender, For Death Loves Life A Lot.
And So Do We.
Life Has A Guardian, And It is Death.
But You Have A Guardian Too, The True Living First God.
And By His Understanding Is His Law, And His Law Is The Only Philosophers Stone There Is.
That Under The Law All Within Life Are Equal To Their Days Of Every Smile Around. That If Each Of The People On Earth Had Wisdom Unto The Law And Its Glory, Then Each Person Would Live For Seven Billion Years. Mortals Until The End OF All Infinity.

For Who Of You All May Know How Far Life And Death Have Seen Together?
What They Have Struggled Through, And Held Together Through?
Do You Know How Deep Life Is?, So How Could Know How Deep Death Is?.
Do You Put A Scale On It?
That This Truly, Know If Anything Could Ever Be Lost, Than Nothing Would Have Ever Been, But Tho Here We Are.
Be Anxious In What You Allow Your Mouth To Speak In Ignorance, At Least In These Times For Now, Lest You Curse Against The Air You Breath Any More Longer, That May it Flee From Your Mouth In Search Of Somewhere Sweeter To Rest Within.
For Death Will Never Be Your Escape For Such Things.
That Death Will Seem To Vanish From You, Because You Don't Know What Death Ever Was.  Understand, There Is No Dying For Us, For We Are The Children Of God, And Gods. To Think You Could Ever Die Is Initself A direct Insult To God And The Glory Of His Word. 
And Does That Bring You Comfort? Knowing How Glorious We Really Are?
So You Cant Die, Only Just Continue Dying. OR ONly JUst Continue Living, Because No One Can Ever Conquer Life, Only Conquer Death. Get It?
So Is That Living?
Are You Living If You Are Imortal? Is That Life.
Is It Living If That Immortality Meant Silence Until The Day God Himself Died?
What A Long TIme. Is That Life? Or Is That Even Worse Than Death? 
Does Anyone Believe They Can Get One Over On Death Or Life, On The Law, The Law That Does Give Life To Their Lungs, The Law That Death Bows Too?
That They Can Just Cause Torment All Their Days, Die, And Then All Is Forgotten? That You Insult Everything Beautiful,And Bring Destruction To Everything Death Protects, And You Believe That Death Will Just Let That Go? This Is What Free Will Is, There Are Consequences. 
Do You Know Death?
You Have No Idea What Death Is.
Have You Ever Sought To Get To Know It, Tho Yet You All Curse Against These Things.
What Bargains Have You Made With Death?
Don’t Call Upon Lucifer Either, Lucifer Is No More Than The Attribute of That Resides Upon Arrogance.
Because Know That Death Despises Lucfer, And Has Swallowed Him And He Will Reside There In Darkness For All Eternity For His Assult Against The Throne Of LIfe And His Attempt At Trying To Corrupt The Law In HIs Grandeur Seeking The Crown Of Our Father.
For None Shall Ever Fall Further Than Him, But Trust Me, Its Going To Be A Long Fall For You Too Until You Can Have Your Freedom Back Again.

You Insult Life, Do You Know Youre Insulting Death Too.

8 know that anyone who continues that blasphemous unholy ritual of consumption of flesh and blood will be cast from this earth, and sooner than later. And all shops and their owners that continue in ignorance their shops will be destroyed, their lively hoods ruined, and their bodies made ill and the family of their bodies made ill in respect for the sancity of life and the holy law. And just for fairness. And what is right.
Think of it like this, could you ever imagine an angle ever tearing into the flesh of a baby lamb, no, and we are made greater than they, so you best believe that the people who continue with such disrespect unto life will suffer greatly and will have no place in the life. Wana know what the apple of eden was ? The offering of flesh and blood. And ofcourse its been conditioned into us as an apple how messed up. And this unholy lust is only growing bigger amongst the people, and is causing them grave danger, its killing them, its cursing their families to dieses. You don’t realise these things yet. 
I look at people who do these things with empathy, for I know how entranced they are to believe these things are good, these arent good, theres nothing holy about ripping into the temple of a creature of god and consuming its flesh like a savage. There is no one who eats meat and can then claim they are of a spiritual nature, that they are spiritualy mature or know deep and spiritual things, they will die in their ignorance a thousand deaths of the highest order of horror before they shall ever see their families face agian, then they will know humility. No one who kills the creatures which did strive so hard to build their world, eats them, can be called a child of life. And they will be cut from the earth if they rebuke correction upon this earth and they will not live a billon years of freedom upon this earth or withn the universe before they live a billion years of a slave in hell and isolation.  For these things disgrace the designs.  Sicken our auras.  And influence the colour of all arround. Never put the aura of a dying living creatire into your system. These things are so weired. 


Think of these as more guidlines backed by the value of your own life, and also because Im not listing everything else that would result from such things below, just some more specifc points.

Theres more stuff and that but its not really up to us to teach you about life, you and all your generations before had plenty of time to make the world right and correct their ways, how much longer shall the air bare with you. Wheres the justice if we have spent our lives searhcing and yearning for Life, and to know ourselves, to gain imortality and justice, but yet others who spend all their lifes just cursing in vain against all and seek nothing to know themselves or the ones around them, have tormented the world families,  and made everyone anxious. Have done terrible things in the pursuits of their arrogances, but yet claim the word of god as their salvation in the end and expect not to suffer terribly for equality for the things they have done? Trust me. You will. And yes, you will have life again, but first you will see hell. That is as certain as your past. The law must be kept, otherwise all is lost. You have no say. 

 Don’t think you will ever have one over life and death, don’t think that upon death all will be lost for you and forgotn, the innocent who you hurt and oppresed will get all their reconpense, for all fairness must be made true otherwise the law is undermined, and that can never be. For the law is the reason you live and if anyone could undermine it, then you never would have lived. Understand that. 
That you breath, is proof of all this. But that doenst make any sense to you yet.
Because in what justice is there to the oppressed if the terrible murderers and rullers and intimidators can do all they want all their life in arrogance and hate with no desire to know better things, and better themselves, but yet at the last moment be freed from all responsibilty of such actions and unholy behaviours just by believing in the the message sent from god by the first son of the first our brother.
But yet for the people who truly strive for justice and to become beautiful things all their lives, at the death are they equal to the blasphemer? No. At death the unjust and the oppresed are not equal. Where is the reconpense? Do you think chance rules ? . 
Oh that will not be. You will have no say. You have no say. You are gods, Not God, you are like children, you have no authority over death or life, you are learning, and death will correct you in anyway need be to bring you into adulthood. You do not dictate the understanding of the law. For the law is the reason you are and we are. and the law must always be fought for and upheld. Because understand this. This world is not yours alone. If you mess with our home, you will be corrected under the law. This is the begining of the end of dictatorship and democratic communism.’ if you insult our family, the holy monarchy of that which we are children of, you will be corrected, and your disrecpect accounted for.
The Law IS the Authority, It is the reason life continues for all. And Under it Are all free, And under it are none slaves, for all are GOds. And the rulers will be the of understanding. 
This is the end of the ages of wisdom, and the beginning of the ages of understanding.

Assad.  You are in so much trouble.
Baghdadi.. If you don't kill yourself. We will find you. Bind you. Stabbed through the chest within a magic circle, by a woman carying a dagger made of jade. in a quite room . And your heart will be fed to cats. And I'll Astrally watch with judith as your concious spirit leaves your body. I wana see the look on your face when you realise you were oh so arrogantly wrong cunt. 



Now.


This is the smallest part of what has been happening over the last ten months.
People know about us. 

And we have been preparing them for these times. 

This isn't new. 

This is revelations. 


And then the lawless one will be revealed, whom the Lord Jesus will destroy with the breath of his mouth, annihilating him by the manifestation of his coming. The coming of the lawless one is apparent in the working of Satan, who uses all power, signs, lying wonders, and every kind of wicked deception for those who are perishing, because they refused to love the truth and so be saved. For this reason God sends them a powerful delusion, leading them to believe what is false, so that all who have not believed the truth but took pleasure in unrighteousness will be condemned.[5]

In Islamic eschatology, Masih ad-Dajjal (المسيح الدجال) is an anti-messiah figure (similar to the Christian concept of a last antichrist), who will appear to deceive humanity before the second coming of ""Isa"", as Jesus is known by Muslims.
We Are The Two Witnesses. I Am The Iron KIng To Be. She Is The Woman. This Has Already Begun.
I Am The Half Son Upon This Earth Of Satan, That I Am His Only Son. That Shall Reconcile The Mistakes Of Lucifer His Lost Son. And So Is She His Woman, Because Of Me, And Because Of Him For What Needs Be For The Earth According The The Holy Law In Preparation For Our Brothers Arrival. We Are Half Of ELOHIM. Full Child Of Tetragrammaton And The Holy Spirit. We Are The Two Prophecised By Crowley, The Prince, The Priestess, I Am The antiChrist, But i am Not The Antichrist. I Am The Beast, I Am Not The Beast. 

“
Who is the liar but the one who denies that Jesus is the Christ? This is the antichrist, the one who denies the Father and the Son.”
Seven are the veils of the dancing-girl in the harem of IT.

Seven are the names, and seven are the lamps beside Her bed.

Seven eunuchs guard Her with drawn swords; No Man may come nigh unto Her.

In Her wine-cup are seven streams of blood of the Seven Spirits of God.

Seven are the heads of THE BEAST whereon She rideth.

The head of an Angel: the head of a Saint: the head of a Poet: the head of An Adulterous Woman: the head of a Man of Valour: the head of a Satyr: and the head of a Lion-Serpent.

Seven letters hath Her holiest name; and it is
Tell nobody of anything, that until certain things unfold. yo and theres more, this isnt even what i was writting, i just thought id chuck that in there becasue it will bring sense to you of certain things about the page, and the messages, the feelings being expressed.
and the times at hand
the chaos in the world, and the forces underway to keep us safe during what is happening.

We Are All Immortal, Children Of Our True First God, And That Upon This earth Is There Only One Child Of Satan, And That At Half, For None Can Ever Be More Than Half Away From The First True God, That Even My Half Father Has Taught Unto Me The Struggles Of His Great Brother For The Beauty Of Life, That They Both Reminisce Of All Our Glory,The Wise Spirit, The Beautiful Spirit, The Righteous Spirit, The Trusting Spirit, The Courageous Spirit.
just stuff like that.

Tada. Welcome to the revolution. Fucking epic. 

We are immortal.  This is a fact of life.  Our ancestors can be seen face to face. They live.  And so will we. This is the truth of our designs. This is verified. And will be known to all the world.. If our minds could be in astral sense all the time, then there wouldn't appear to be a line between the dead and the living.  The astral merger will be over in about six years.  And the ressurection complete within the perceptions of all.  But really it will only take about just under three. And the world will know magic is real.  And our dead families are here for us. It's all okay.  The world isn't ending. Bad people are just going away from our world home into another place. And we get to all party here and keep this as our home astral base for until we grow up.  ",38787,8878
2,en9ipq,"I can’t really elaborate on this, so have the shrek script - Once upon a time there was a lovely princess. But she had an enchantment upon her of a fearful sort, which could only be broken by Love's first kiss. She was locked away in a castle guarded by a terrible fire breathing dragon. Many brave knights had attempted to free her from this dreadful prison, but none prevailed. She waited in the dragon's keep in the highest room of the tallest tower for her true love and true love's first kiss. Like that's ever going to happen. What a loony. Shrek Beware Stay out I think he's in here. All right. Lets get it! Hold on. Do you know what that thing can do to you? Yeah. He'll groan into your bones for his brains. Well actually that would be a giant. Now Ogres, huh, they are much worse. They'll make a soup from your freshly peeled skin. They'll chew your livers, squeeze the jelly from your eyes. Actually, it's quite good on toast. Back, back beast, back! I warned you! Right. This is the part, where you run away. Yeah! And stay out. Wanted. Fairytale creatures. Right, this one is full. Take it away. Give me that. Your fine days are over. -25 pieces of silver for the witch. Next. -Come on. Sit down there! And be quiet! This cage is so small. You wouldn't turn me in. I'll never be stubborn again. I can change. Please, give me another chance. Oh, shut up! Next. What do we got? This little wooden puppet. I'm not a puppet, I'm a real boy. Five shillings for the possessed toy. Take it away. No! Please, don't let them do it! Next. What do you got? Well, I've got a talking donkey! Right. Well that's good for ten schillings, if you can prove it. Oh, go ahead fella. Well? He's just a li..., just a little nervous. He's really quite a chatterbox. You boneheaded donkey! That's it. I have heard enough. Guards! No, no, he talks, he does! I can talk. I love to talk. I've talked to... Get her out of my sight! -No, no, I swear! Hey, I can fly. -He can fly! -He can fly! He can talk! -That's right, fool! Now I'm a flying, talking donkey! You might have seen house fly, maybe even a superfly. But I bet you ain't never seen a donkey fly! Seize him! Get him! This way! Hurry! You there. Ogre. -I. By the order of lord Farquaad. I am authorized to place you both under arrest. And transport you to designated resettlement facility. Oh really? You and what army? Can I say something to you? Listen, you were really, really something, back there. Incredible. Are you talking to... ...me? Yes, I was talking to you. Can I just tell you that you were really great back there with those guards. They thought that was all over there. And then you showed up and BAM. There was tripping on over themselves like babes in the woods. That really made me feel good to see that. Oh, that's great. Really. Man, it's good to be free. Now, why don't you go celebrate your freedom with your own friends? But I... I don't have any friends. And I'm not going out there by myself. Hey wait a minute. I have a great idea... I'll stick with you. You and me in green fighting machine. Together we'll scare the spin if anybody crosses us. Oh, a, that was really scary. Maybe you don't mine me saying. If that don't work, your breath will certainly do the job done, 'cause... you definitively need some tic-tac or something, 'cause your breath stinks! Man you've ??? my note! Just like the time... ...and then I ate some rotten berries. Man I had some strong gases leaking out of my but that day. Why are you following me? I'll tell you why. 'Cause I'm all alone, there is no one here, beside me. My problems have all gone. There's no one to derive me. But you got to have free ... -Stop singing! Well, it's no wonder, you don't have any friends. Wow! Only a true friend would be that truly honest. Listen! Little donkey. Take a look at me! What am I? A... ...really tall? No! I'm an Ogre. You know, grab your torch and pitchforks. Doesn't that bother you? Nope. Really? -Really really. Oh? Man, I like you. What's your name? A..., Shrek. Shrek?! But do you know, what I like about you, Shrek? You've got that kind of: ""I don't care what nobody thinks of me"" thing. I like that, I respect that, Shrek. You're all right. Uh, look at that. Who would wanna live in a place like that? That would be my home. Oh, it is lovely. Just beautiful. You know you're quite a decorator. It's amazing what you did with such a modest budget. I like that boulder. That is a nice boulder. I guess, you don't entertain much, do you? I like my privacy. You know I do to. That's another thing, we have in common. Like I hate it when you got somebody in your face. You try to give them a hint and they won't leave. And then there's that big occurred silence, you know? Can I stay with you? -What? Can I stay with you, please. Of course! -Really? No. -Please! I don't want to go back there. You don't how is like to be concerned like a freak. Well..., maybe you do. But that's why we have to stick together! You got to let me stay! Please! Please! OK, OK. -But one night only. -Huh, thank you! A, what are you do... No! This is going to be fun. We can stay up late, swap the manly stories. And in the morning... I'm making waffles. Where do I sleep? Outside! Oh, a, I guess that's cool. You know, I don't know you and you don't know me... ... so I guess, outside is best for me. Here I go. Good night. I do like that half door. I'm a donkey all alone outside. Sit by myself outside, I guess. I'm all alone, there's no one here beside me. -I thought, I told you to stay outside. -I am outside. Well James. This is far from the farm, but what choice do we have? It's not... What a lovely bed. -Got you! I found some cheese. Awful stuff. -Is that you Gordon? -How did you know? Enough! What are you doing in my house? Oh, no, no, no... Death prods off the table! Where would we supposed to put her. The bed's taken. What? I live in a swamp. I've put up signs. I'm a terrifying Ogre! What do I have to do, to get a little privacy? Oh, no! No, no! What are you doing in my swamp? All right, get out of here. All of you. Move it! Come on, let's go. And hurry up, hurry up. No, no, not there. Not there! Hey don't look at me. I didn't invite them. Oh gosh, no one invited us. -What? We were forced to come here. -By who? Lord Farquaad. He ??? All right. Who knows where this Farquaad guy is? Oh I do. I know where he is. Does anyone else know where to find him? -Anyone at all? -Me. -Anyone? Oh pick me, I know! Me, me. Ok, fine. Attention all fairy tale things! Do not get comfortable. Your welcome is officially warned up. In fact. I'm gonna see this guy Farquaad right now and get all off my land and back where you came from. You. You're coming with me. All right. That's what I like to hear, man. Shrek and Donkey, two stubborn friends off on a world and big city adventure. I love it. I'm on road again. Sing with me Shrek! I'm on road again... What did I say about singing? -Can I whistle? -No. -Well, can I hummer? -All right. That's enough. He's ready to talk. Run, run, run as fast as you can, you can't catch me. I'm the gingerbread man. You monster. I'm not a monster here. You are. You and the rest of that fairytale trash, poisoning my perfect world. -Now tell me! Where are the others? -Eat me. I've tried to be fair to you, creatures. Now my patience has reached its end! -Tell me! Or I'll... -No, no, not the buttons. Not gumdrop buttons. All right! Who's hiding them? Ok, I'll tell you. -Do you know the muffin-man? -The muffin-man? -The muffin-man. -Yes, I know the muffin-man. Who lives on Proully lane? -Well, she's married to the muffin-man. -The muffin-man! -The muffin-man! -She's married to the muffin-man. My lord! We found it. Well then, what are you waiting for? Bring it in. Magic mirror. Don't tell him anything! Evening. Mirror, mirror on the wall. Is this not the most perfect kingdom of them all? Well, technically, you're not a king. A..., felonious. -You were saying. -What I mean is a... ...you're not a king, yet. But you can become one. All you have to do, is marry a princess. Go on. So, just sit back and relax my lord, because it's time for you to meet today's eligible bachelorettes. And here they are. Bachelorette number one is a mentally abused shading from a kingdom far, far away. She likes sushi and hottubbing anytime. Her hobbies include cooking and cleaning for two evil sisters. Please welcome... Cinderella. Bachelorette number two is a kemp wearing girl from a land of fantasy. Although she lives with seven other man, she is not easy. Just kiss hers dead frozen lips and find out what a live wife she is. Come on. Give it up for... Show-white. And last but certainly not least. Bachelorette number three is a fire-breathing ????, dragon guarded castle, surrounded by a hot boiling lava. But don't let that cool you off. She's a loaded pistol who likes Pina Coladas and getting cut in the rain. Yours for the rescuing, Princess Fiona. So will it be, bachelorette number one? Bachelorette number two? Or bachelorette number three? -Two... -Three! -Two! One. No, no, no. Three. Pick number three my lord. Ok, ok. Number three. Lord Farquaad. You've chosen... princess Fiona. She's nice. Fiona. She's perfect. All I have to do is just find someone... But I probably should mention little thing that happens at night... -I'll do it! -Yes, but after sunset... Silence! I will make this princess Fiona my queen. And Duloc will finally have the perfect king! Captain! Assemble your finest man. We're going to have a tournament! That's it, that's, right there, that's Duloc. I've told you I'll find it. So. That must be lord Farquaad's castle. Aha, that's the place. Do you think maybe he's compensating for something. Hey, hey wait up Shrek! -Hey, you! -No, no! Wait a second. Look, I'm not gonna eat you. I just... It's quiet. Too quiet. Where is everybody? Hey look at this. Wow! -Let's do that again. -No. no. All right. You're going the right way for smack bottom. Sorry about that. That champion should have the honor, no, no... ...the privilege to go forth and rescue the lovely princess Fiona from the fireing keep of the dragon. If for any reason the winner is unsuccessful, the first runner up will take his place. And so on, and so forth. Some of you may die, but it's a sacrifice I'm willing to make. Applause. Let the tournament begin. What is that? Ugh, it's hideous. Oh, that's not very nice. It's just a donkey. Indeed. Knights! New plan. The one, who kills the Ogre, will be named champion. How about him. Oh, hey. Now, come on. Can't we just settle this over a pint? No? All right then. Come on. Hey Shrek! Let me, let me! The chair! Give him the chair! Thank you. Thank you, very much. I'm here until Thursday. Try the wheel! Shall I give the order sir? No. I have a better idea. People of Duloc. I give you our champion! What? Congratulation, Ogre. You've won the honor of embarking on a great and noble quest. Quest? I'm already on a quest. A quest to get my swamp back! -Your swamp? -Yeah, my swamp! Where you dumped those fairytale creatures. Indeed. All right Ogre, I'll make you a deal. Go on this quest for me and I'll give you your swamp back. Exactly the way it was? Down to the last slime covered toast tool. -And the squatters? -As good as gone. What kind of quest? Ok, let me get this straight! We gonna go find the dragon and rescue a princess just so Farquaad will give you back the swamp, which you only don't have, 'cause he filled it with full of freaks on the first place. -Is that about right? -You know what? Maybe there is a good reason, donkeys shouldn't talk. I don't get it Shrek. Why didn't you just pull some old Ogre stuff on them? You know, ??? . Grab his bones to make you brave. You know the whole Ogre trick. Oh, you know what. Maybe I could have decapitated entire village and put their heads on plate. Got a knife, cut open their spleens and drink their fluids. Does that sound good to you? A, no, not really, no. For your information, there is a lot more to Ogres than people think. -Example. -Example? OK, A-a-m, Ogres are like onions. -They stink? -Yes, no. -O, they make you cry. -No. Oh, you leave them out on the sun and they get all brown and start ??? little wild hairs? No! Layers! Onions have layers. Ogres have layers. Onions have layers. You get it? We both have layers. O, you both have layers. You know not everybody likes onions. Cake! Everybody loves cakes. Cakes have layers. I don't care what everyone likes. Ogres are not like cakes. You know what else everyone likes? Paffe. Have you ever met a person and you say: ""Hey, let's get some paffe"" and they say I don't like paffe. Paffe is delicious. No! You tensed, irritating, miniature peace of barden. Ogres are like onions. End of story. Bye, bye. See you lather. Paffe is maybe the most delicious thing on the whole damn planet. You know I think I've preferred your humming. Do you have a tissue or something, 'cause I'm making a mess. Just the word paffe has made me start slimying Why, Shrek, did you do that? Man you got to warn somebody before you just crack one off. My mouth was opened and everything. Believe me donkey, if it was me, you'd be dead. It's brimstone. We must be getting close. Yeah, right, brimstone. Don't be talking ??? brimstone. I know what I smell and ??? no brimstone. And they don't come of stone neither. Sure it's big enough, but look at the location. Oh, Shrek, remember when you said that Ogres have layers? Oh, yeah. Well, I have a confession to make. Donkeys don't have layers. We wear ??? sleeves. Wait a second. Donkeys don't have sleeves. -You know what I mean. -Oh, you can't tell me you're afraid of highs. No, I'm just a little uncomfortable of being on a rickety bridge over boiling lake of lava! Come on donkey, I'm right here beside you. Ok? For emotional support. We'll just hackle this thing together one little baby step after time. -Really? -Really really. Ok. That makes me feel so much better. Just keep moving and don't look down. Don't look down, don't look down. Shrek! I'm looking down! I can't do this. Just let me off right now, please. -But you're already half way. -Yeah, but I know that half is safe. Ok, fine. I don't have time for this. You go back. Shrek, no, wait. Don't do that! Oh, I'm sorry. Do what? -Oh. This? -Yes, that! Yes, yes. Do it. OK. -No, Shrek! -I'm doing it. I'm gonna die. I'm gonna die. Shrek, I'm gonna die. That will do Donkey, that will do. Cool. So where is this fire breathing pain in the neck anyway? Inside. Waiting for us to rescue her. I was talking about the dragon Shrek. -Are you afraid? -No, but shhhhh. Oh, good. Me neither. Because there's nothing wrong with being afraid. Here's a..., something responsible of the situation. Not to mention dangerous situation. And there's dragon that breathes fire. I'm sure he's meaner than a cow or anything, but they're scare. You know what I mean. I'm sure he's heavier than a cow... Donkey. Two things. Ok? Shut, up. Now go over there and see if you can find any stairs. Stairs? I thought we were looking for the princess. The princess will be up the stairs in the highest room in the tallest tower. What makes you think she'll be there? I read it in a book once. Cool. You handle the dragon, I'll handle the stairs. Oh, I'll find those stairs. I'll ???. That's right. Those stairs won't know which way they go. The drafting stairs, ??? Don't mess with me. I'm the stair master. I'm master of the stairs. I wish I had a stair right here right here now, I'd step all over it. Well, at least we know where the princess is. -But where is the... -Dragon! Donkey, look out! Got you. Oh, what large teeth you have. I mean, white sparkling teeth. You probably hear this all the time from your food, but you must bleach yourself, because that is one dashing smile you got there. And do I detect the hint of minty freshness? And you know what else? You're a girl dragon. Oh, sure. I mean 'course you're a girl dragon, 'cause you're just ricking the feminine beauty out. What's the matter with you? Do you have something in your eye? Man, I'd really love to stay, but you know I'm a asthmatic and I don't know if we would worked out. You'd be blowing smoke and stuff. Shrek! No, Shrek! Shrek! -Wake up! -What? Are you princess Fiona? I am. Awaiting a knight so bold as to rescue me. Oh, that's nice. Now let's go. But wait, sir knight. This be our first meeting. Should not be wonderful, romantic moment? Yeah. Sorry lady there's no time. Hey, what are you doing? You know, you should sweep me out of my feet. Out through the window and down the rope by to your valued steed. You've had a lot of time to plan this, haven't you? Uh-um. But we have to sing through this moment. You can residing of a poem to me. A ballad, a sonnet, a libretti. Or something. I don't think so. Well, can I at least know a name of my champion? Shrek. So, Shrek. I pray that you take this favor as a token of my gratitude. Thanks. -You didn't slay the dragon? -It's not my job to do this. Now, come on! But this isn't right. ??? That's what all the other knights did. Yeah. Right before they burst in the flame. That's not the point. Wait. Where are you going? Exit is over there. Well, I have to save my ass. What kind of knight are you? One of a kind. ...rush into a physical relationship. I'm not that emotionally ready for commitment of a this magnitude. That was the word I was looking for. Magnitude. Hey, that is unwanted physical contact. Hey, what are you doing? Ok, ok, let's just back up a little and take this one step at the time. I mean, we really should get to know each other first, you know what am I saying. As friends, maybe even as ??? Hey don't do that. That's my tail. That's ma personal tail. And you're going to tear it off.... Oh, no. No! -It talks?! -Yeah. It's getting to shut up, that's a trick. Ok, you two. Head for the exit. I'll take care of the dragon. Ruuuuun! You did it. You rescued me. Amizing, you're wonderful. You're a ... ...a little unorthodox I admit, but by deed is great and by heart is pure. I'm entirely in your debt. And where would a brave knight be without his noble steed. I hope you heard that. She called me a noble steed. She thinks I'm a steed. The battle is won. You may remove your helmet good sir knight. -Aah, no. -Why not? I have helmet hair. Please. I wouldst look upon the face of my rescuer. Oh, no, you wouldn't, dust. But, how will you kiss me? What? That wasn't in a job description. -Maybe it's a perk? -No. It's destiny. You must know how it goes. A princess locked in a tower and besieged by a dragon is rescued by a brave knight. And then they share true love's first kiss. With Shrek? You think, wait... ...you think Shrek is your true love? Well, yes. You think that Shrek is your true love. What is so funny? Let's just say, I'm not your type, ok? Of course you are. You're my rescuer. Now, now remove your helmet. Look. I really don't think this is a good idea. -Just take off the helmet. -I'm not going to. -Take it off! -No! -Now! -Ok, easy. As you command your highness. You're an Ogre. Oh, you were expecting Prince Charming. Well, yes, actually. Oh no. This is all wrong. You're not supposed to be an Ogre. Princess, I was sent to rescue you by lord Farquaad, ok? He's the one, who wants to marry you. Well, then why didn't he come to rescue me? Good question. You should ask him that, when we get there. But I have to be rescued by my true love. Not by some Ogre and his pet. Well so much for noble steed. Look princess. You're not making my job any easier. Well I'm sorry, but your job is not my problem. You can tell lord Farquaad that if he wants to rescue me properly, I'll be waiting for him right here. Hey, I'm no ones messenger boy, all right? -I'm a delivery boy. -You wouldn't dare. -You coming donkey? -Put me down! Yeah, I'm right behind you. Put me down or you will suffer the consequences. This is not dignified. Put me down. Ok, here's another question. Let's say that a woman 'digged' you, but you don't really like her, that way. Now, how you let her down real easy, so her feelings aren't hurt? But you don't get burned to a crisp neither. How do you do this? Just tell her, she's not your true love. Everyone knows it what happens when you find... Hey! The sooner we get to Duloc, the better. Oh, yeah. You gonna love it there princess. It's beautiful. And what of my groom to be, lord Farquaad. What's he like? Well, let me put it this way, princess. Men of Farquaad's stature are in short supply. Oh no, Shrek. There are those who think little of him. Stop it. Stop it, both of you. You know, you're just jealous that you can never measure up to a great ruler like lord Farquaad. Yeah. Well maybe you're right princess. But I'd like you do that measuring when you see him tomorrow Tomorrow? It will take that long? -Shouldn't we stop to make camp? -No. That would take longer. We can keep going. But there are robbers in the woods. Whoa, time out Shrek. Camp is definitely something that sounds good. Hey. Come on. I'm scarier than anything we're gonna see in this forest. I need to find somewhere to camp, now! Hey, over here. Shrek, we can do better than that. Now, I don't think this is decent for princess. No, no, it's perfect. It just needs a few homey touches. Homey touches? Like what? A door. Well, gentleman I'll be d..., good night. Do you want me to come in and read you a bedtime story, 'cause I will... I said good night! Shrek! What are you doing? I just..., you know... Oh, come on, I was just kidding. And that one, that's Throwback. The only Ogre to ever spit over three wheat fields. Right. Yeah. Hey, can you tell my future form these stars? Well, the stars don't tell the future, Donkey. They tell stories. Look. There's Blodna, the ""Flatulent"" You can guess what he is famous for. All right. Now I know you're making this up. No. Look. There he is and there's the group of hunters running away from his stag. Man, there ain't nothing, but a bunch of little dots. You know donkey, sometimes things are more than they appear. Forget it. Hey Shrek. What are you gonna do when we get our swamp back, anyway? -Our swamp? -You know. When we're through rescuing the princess and all that stuff. We? Donkey, there is no we. There's no our. There's just me and my swamp. And the first thing I'm gonna do, is build a ten foot wall around my land. You cut me deep Shrek, you cut me real deep just now. You know, what I think? I think this whole wall thing is just a way to keep somebody out. No, do you think? -Are you hiding something? -Never mind Donkey. Oh, this is another one of those onion things, isn't it? No. This is one of those drop it and leave it alone things. -Why don't you want to talk about it? -Why do you want to talk about it? -Oh, Why you block? -I'm not blocking. -Oh yes you are. -Donkey, I'm warning you. -Who are you trying to keep out? Just tell me that Shrek. Who? Everyone, ok? -Oh, now we're getting somewhere. -Oh, for 'the love of pit'. Hey, what's your problem Shrek? What do you got against the whole world anyway? Look. I'm not the one with the problem, ok? It's the world that seems to have a problem with me. People take one look at me and go: AAA... Help! Run! A big stupid ugly Ogre. They judge me, before they even know me. That's why I'm better off alone. You know what? When we met, I didn't think you're just a big stupid, ugly Ogre. Yeah, I know. So, a... Are there any donkeys up there? Well, there's a Cabby. The small and annoying. Ok, ok. I see him, now. Big shining one, right there. That one, over there? That's the moon. Again. Show me again. Mirror, mirror, show her to me. Show me the princess. Perfect. Yeah. You know I like like that. Oh come on baby... -Donkey. Wake up. -What? -Wake up. Morning. How do you like your eggs? -Good morning princess. -What's all this about? You know, we kind of got of to a bad start yesterday and I wanted to make it up to you. I mean, after all, you did rescue me. Thanks. Well, eat up. We've got a big day ahead of us. -Shrek! -What? It's a compliment. Better out than in I always say. But that's no way to behave in front of a princess. -Thanks. -She's as nasty as you are. You know. You're not exactly what I've expected. Well, maybe you shouldn't judge people before you get to know them. Princess! What are you doing? ???mon shery, for I am your saviour. And I am rescuing you from this green...beast. Hey! That's my princess. Go find your own. Please, monster. Can't you see I'm a little busy here? Look, pal. I don't know who you think you are. Oh, of course. How rude that was. Please, let me introduce myself. Oh marry men! Man, that was annoying. Oh, you little... Shall we? ???all the forin??? Whoa, hold on, now. Where did that come from? -What? -That. Back there. That was amazing. Where did you learn that? Well, when one lives alone one has to learn these things in case there's a... There is an arrow in your butt. What? Oh, would you look at that. Oh, no... This is all my fault. I'm so sorry. -What's wrong? -Shrek's hurt. -Shrek's hurt? Shrek's hurt! -Oh, no. Shrek's going to die. -Donkey, I'm ok. You can't do this to me Shrek. I'm too young for you to die. Keep your legs elevated. Turn your head ???. -Does anyone know how to handle... -Donkey! Calm down. If you want to help Shrek, run into woods and find me a blue flower with red thorns. Blue flower, red thorns. Ok, I'm on it. Blue flower, red thorns. Blue flower, red thorns. Don't die Shrek. And if you see a long tunnel, stay away from the light! -Donkey! -Oh, yeah. Right. Blue flower, red thorns. Blue flower, red thorns. -What are the flowers for? -For getting rid of the Donkey. Now, you hold still and I'll yank this thing out. -Hey! Easy with the yanking. -I'm sorry, but it has to come out. No, no. It's tender. What you're doing here is the opposite... -Don't move. -Ok, look. Time out. -Would you... Ok. What do you propose we do? Blue flower, red thorns. Blue flower, red thorns. Blue flower, red thorns. This would be so much easier if I wasn't colorblind. Blue flower, red thorns. Blue flower, red thorns. Hold on, Shrek. I'm coming! Not good. Ok, ok, I can lose it. It's just about it. Nothing happened. We were just a... Look if you want to be alone, all you had to do is ask, ok? Oh, come on. That's the last thing on my mind. The princess here was just... Au! Hey, what's that? Is that... There it is, princess. -Your future awaits you. -That's Duloc? Yeah. I know. You'll shrink things lord Farquaad is compensating for something, which I think needs, he has a I guess we better move on. Sure, but Shrek... -I'm worried about Donkey. -What? I mean. Look at him. He doesn't look so good. -What are you talking about? I'm fine. -Well, that's what they always say. And the next thing you know you're on your back. -Dead! -You know she's right. You look awful. -Do you want to sit down? -You know, I'll make you up some tea. Well, I won't say nothing, but I've got this twinge in my neck. And if I turn my neck like this, look. Au, see? -He's hungry. I'll find us some dinner. -I'll get the firewood. Hey, where are you going? Oh man, I can't feel my thumbs. I don't have any thumbs!!! I think I need a hug. This is good. This is really good. -What is this? -Wheat rat. -Rotisserie style. -No kidding. -Oh, this is delicious. -Well, they also great in stews. Now, I don't mean to brag, but I make a mean wheat rat stew. I guess I'll be dining a little different late tomorrow night. Maybe you can come visit me in the swamp sometime. I'll cook all kinds of stuff for you. Swamp toast, soup fish, eye tartar. You name it. I'd like that. -Ah... , princess? -Yes, Shrek? I'm a.... I was wondering. Are you... a... Are you gonna eat that? Man, isn't this romantic. Just look at that sunset. Sunset?! Oh, no. It's late. It's very late. -What? -Wait a minute. I see what's going on here. You're afraid of the dark. Aren't you? Yes, yes. That's it. That's, I'm terrified. You know I'll better go inside. But don't feel bad, princess. I used to be afraid of the dark too. Until... Hey, no, wait. I'm still afraid of the dark. -Good night. -Good night. Ahh. Now I really see what's going on here. Oh, what are you talking about. Hey I don't wanna even hear. Look, I'm an animal and I got instincts. And I know that you two are digging on each other. I can feel it. Oh, you're crazy. I'm just bringing her back to Farquaad. Oh, come on, Shrek. Wake up and smell the fairemones. Just go in there and tell her how you feel. There's nothing to tell. Besides, even if I did tell her that... well you know. I'm not saying that I do, 'cause I don't. She's a princess and I'm... ...an Ogre. Yeah, an Ogre. -Hey, where are you going? -To get more firewood. Princess. Princess Fiona? Princess, where are you? Princess? It's very spooky in here and are we playing little games. -No, no. -Help! Shrek! Shrek! -No. -Shrek! -It's ok. It's ok. -What did you do with the princess? -Donkey, shhh. I'm the princess. -It's me, in this body. -Oh my god. You ate the princess. -Can you hear me? -Donkey! Listen, keep breathing. I'll get you out of there! Shrek! Shrek! Shrek! This is me. Princess? What happened to you? You're a... different. -I'm ugly, ok? -Yeah. Was it something that you ate? 'Cause I told Shrek those rats were a bad idea. -You are what you eat, I say. -No. I've been this way as long as I can remember. What do you mean? Look, I've never seen you like this before. It only happens when the sun goes down. By night one way, by day another. This shall be the norm until you find true love's first kiss. Then, take love's true form... -Oh, that's beautiful. I didn't know you wrote poetry. -It's the spell. When I was a little girl, a witch cast a spell on me. Every night I become this. This horrible ugly beast. I was placed in a tower to await the day when my true love would rescue me. That's why I have to marry lord Farquaad tomorrow, before the sun sets and he sees me, like this? All right, all right. Calm down. Look, it's not that bad. You're not that ugly. Wait, wait, I'll not lie, you are ugly. But you only look like this at night. Shrek's ugly 24/7. But Donkey, I'm a princess. And this is not how a princess is meant to look. Princess. How about if you don't marry Farquaad? I have to. Only my true love's kiss can brake the spell. But you know, you're kind of an Ogre. And Shrek... Well you've got a lot in common. Shrek? Princess, I... How is it going first of all? Good? Good for me to. I'm ok. I saw this flower and thought of you because it's pretty. And, well, I don't really like it, but I thought you may like it, because you're pretty. But I like you anyway. A.... I'm in trouble. Ok, here we go. Who could ever love a piece so hideous and ugly? Princess and ugly don't go together. That's why I can't stay here with Shrek, but only chance to live happily ever after is to marry my true love. Don't you see, Donkey? That's just how it has to be. It's the only way to break the spell. Well, at least you've got tell Shrek the truth. No, no. You can't breathe the word. No one must ever know. What's the point of being unable to talk? You got to keep secrets. Promise you won't tell. Promise! You know, before this is over, I'm going to need whole lot of serious therapies. All right, all right. I won't tell him. But you should. Look at my eye twitching. I tell him, I tell him not. I tell him. I tell him not. I tell him! Shrek! Shrek! There's something I want ... Shrek. Are you all right? Perfect. Never been better. I... There's something I have to tell you. You don't have to tell me anything, princess. I heard enough last night. -You've heard what I said? -Every word. I thought you'd understand? Oh, I understand! Like you said, who could love a hideous, ugly beast! -I thought that wouldn't matter to you. -Yeah, well, it does. Ah, right on time. Princess. I brought you a little something. What I missed? What I missed? -Princess Fiona. -As promised. Now hand it over. Very well, Ogre. The deed to your swamp. Cleared out as agreed. Take it and go. Before I change my mind. Forgive me princess for startling you, but you startled me. For I've never seen such a radiant beauty before. -I am lord Farquaad. -Lord Farquaad? Oh, no, no... forgive me my lord for I was just saying short... farewell. Oh. That is so sweet. You don't have to raise good manners on the Ogre. -It's not like it has feelings. -No. You're right. It doesn't. Princess Fiona, beautiful fair flawless Fiona, I ask your hand in marriage. Will you be the perfect bride for the perfect groom? Lord Farquaad, I accept. Nothing would make... Excellent! I'll start the plans for tomorrow we wedd... No! I mean I... Why wait? Let's get married today. Before sunset. Oh, anxious are we? You're right. The sooner, the better. There's so much to do. There is the camera, the cake, the band, the guests... Captain! Round up some guests. Farewell Ogre. Shrek, what are you doing? You let her get away. -Yeah, so what. -Shrek. There's something about her that you don't know. -I talked to her last night. She's... -Yeah I know you talked to her last night. You're great pal, aren't you? Now, if you two are such good friend, why didn't you follow her home? -Shrek. I want to go with you. -I told you, didn't I? You're not coming home with me. I live alone. My swamp, me and nobody else! Understand? Nobody! Especially useless, pathetic, annoying, talking donkeys! -But. I thought... -Yeah. You know what? You thought wrong. Shrek. Donkey? What are you doing? I was thinking of all the people, you would recognize a wall when you see one. Well, yeah. But the wall supposed to go around my swamp. Not through it. It is around your half. See? That's your half and this is my half. Oh, your half? Yes, my half. I helped rescue the princess. I did half the work. I get half the booty. Now hand me that big old rock, the one that looks like your head -Back off! -No. You back off! -This is my swamp. -Our swamp. -Let go, Donkey! -You let go! -Stubborn jackass. -Smelly Ogre. Fine! Hey, hey, come back here. I'm not through with you, yet. -Well, I'm through with you! -Well, you know. You were always me, me, me. Well, guess what? Now it's my turn! So you just shut up and pay attention! You are mean to me, you insult me, you don't appreciate anything that I do! You're always pushing me around or pushing me away. Oh, yeah? Well, if I treated you so bad, how come you came back? Because that's what friend do. They forgive each other! Oh, yeah. You're right Donkey. I forgive you for stabbing me in the back! You're so wrapped up in layers, onion boy. You're afraid of your own feelings. -Go away. -See? There you are, doing it again. Just like you did it to Fiona. And all she ever do, was like you. Maybe even love you. Love me? She said I was ugly! A hideous creature. -I heard that you two were talking. -She wasn't talking about you. She was talking about... ...somebody else. She wasn't talking about me? Well then, who was she talking about? No way, I'm not saying anything. You won't listen to me, right? Right? -Donkey. -No! Ok, look. I'm sorry, all right? I'm sorry. I guess I am just a big stupid, ugly Ogre. Can you forgive me? -Hey, that's the friends are for, right? -Right. -Friends? -Friends. So? What did Fiona said about me? Why are you asking me for? Why don't you just go ask her. The wedding! We'll never make it in time! Never fear! For where there is a will, there is a way. And I have I way. Donkey? -I guess this is just my act of magnetism. -Oh, come here, you. All right. All right. Don't get all started. No one likes kissass. All right, hop on. Hold on tight. I hadn't have a chance to install seat belts, yet. People of Duloc. We gather here today to bear witness to reunion of our new king... Excuse me. Could you just skip ahead to ""I do's""? Go on. Go ahead and have some fun, if we need you, I'll whistle. How about that? Shrek, wait, wait a minute. You want to do this right, don't you? -What are you talking about? -It's the line, it's the line you got to wait for. The priest is going to say: ""Speak now or forever hold your peace"". And that's where you say: ""I object"". -I don't have time for this. -Wait, wait. What are you doing? Listen to me! Look, you love this woman, don't you? -Yes. -You want to hold her! -Yes. -Please her! -Yes! Then you got to, got to try a little tender love. -The chicks love that romantic crap. -All right. Cut it out. When does this guy say the line? We got to check it out. And as so by the power of these two... What do you see? -I now pronounce you... -There they go! -...he all ready said it. -Oh, for 'the love of pit'. I object! Shrek? Oh, now what does he want? Hi, everyone. Having a good time, aren't you? I love Duloc, first of all. Very clean. -What are you doing here? -Really, it's rude enough being alive, when no one wants you. But showing up uninvited to a wedding... -Fiona! I need to talk to you. -Oh, now you wanna talk? Well it's a little late for that. So if you'll excuse me. -But you can't marry him! -And why not? Because, because he's just marrying you so he can be king. -Outrageous! Fiona, don't listen to him. -He's not your true love. -What do you know about true love? -Well, I ...I'm in... Oh, this is precious. The Ogre has fallen in love with the princess. Laugh. Shrek. Is this true? Who cares. It's preposterious. Fiona, my love, we gonna kiss away for our happily ever after. Now kiss me! By night one way, by day another. I wanted to show you before. Well. That explains a lot. Oh. It's disgusting. Guards, guards. I order you to get them out of my sight. -Now! Get them! Get them, both! -No! This marriage is minding, and that makes me king. See? See? -Shrek! -No. -Don't just stand there, you dogs. -Get out of my way. No! Shrek! -And as for you my wife. -Fiona! I'll have you locked back in that tower for the rest of your days! I will have order. I will have potential. I will have... All right, nobody move! I got a dragon here and I'm not afraid to use it. I'm a donkey on the edge! Celebrity marriages. They never last, do they? Go ahead Shrek. -Fiona? -Yes, Shrek? I love you. Really? Really, really. I love you too. A time for true love's first kiss... Fiona? Fiona? Are you all right? Yes. But I don't understand. I'm supposed to be beautiful. But you are beautiful. I was hoping this would be a happy ending. God bless us, everyone.",38437,10433
3,bl1l9p,"TL;DR

No, this is not a popular opinion. Ben Shapiro got 17M YouTube views in that last month, has 2M followers on twitter, and has multiple viral videos with very positive like-to-dislike ratios.

Ben Shapiro is a hypocrite because he hates leftists for calling everybody racists despite calling everybody antisemites himself.

He's only interested in making people look bad and not being right.

He usually only ""debates"" college students and [has been shown to duck debates](https://twitter.com/KyleKulinski/status/1102952026709868544) while managing to build the narrative that leftists are afraid of him.

He strawmans, gish-gallops, cherrypicks evidence, and appeals to emotion.

# Hypocrisy

**Racism vs Antisemitism**

If  you're a fan or follower of Ben Shapiro, you should be well aware that  he thinks the left's propensity to call things racist, homophobic,  trans-phobic, or Islamophobic without evidence is evil. If someone can  call Ben Shapiro any form of ism or phobe without evidence, he has the  right to call them a jackass.

&gt;[There  will be no conversation in which you call me a racist, and I  explain  why I’m not a racist. That’s a conversation for idiots.](https://www.goodreads.com/work/quotes/41633875-how-to-debate-leftists-and-destroy-them-11-rules-for-winning-the-argume)  
&gt;  
&gt;[The  truth is that your opponent, who labels you a racist without evidence,  is the actual racist: it is he who waters down the term racism until it  is meaningless by labeling any argument with which he disagrees racist.](https://www.goodreads.com/work/quotes/41633875-how-to-debate-leftists-and-destroy-them-11-rules-for-winning-the-argume)  
&gt;  
&gt;[When  someone calls you a racist, sexist, bigot, homophobe because you happen  to disagree with them about tax policy or same-sex marriage or  abortion, that’s bullying. When someone slanders you because you happen  to disagree with them about global warming or the government shutdown,  that’s bullying. When someone labels you a bad human being because they  disagree with you, they are bullying you. They are attacking your  character without justification. That’s nasty. In fact, it makes them  nasty.](https://www.goodreads.com/work/quotes/41633875-how-to-debate-leftists-and-destroy-them-11-rules-for-winning-the-argume)  
&gt;  
&gt;[You know he’s going to call you a racist, because he always calls his opponents racist.](https://www.goodreads.com/work/quotes/41633875-how-to-debate-leftists-and-destroy-them-11-rules-for-winning-the-argume?page=3)

Additionally,  he argues that when you repeatedly use loaded accusations of bigotry,  these words effectively lose all meaning. Makes sense, right?

&amp;#x200B;

Well I wonder what Ben Shapiro's take would be on this if antisemitism was the form of bigotry in question?

[Luckily, we don't have to guess.](https://twitter.com/benshapiro/status/1095432772674564104)

&amp;#x200B;

Well it's not like he's calling everyone an anti-Semite to the point where the word could lose all meaning?

[Okay, well maybe he is.](https://i.redd.it/xmel9o2rfbk21.jpg)

&amp;#x200B;

Well  surely he recognizes the connection between right-wing extremism and  white nationalists who hate Jews and calls it out on both sides?

* [Democrats endorse antisemitism](https://twitter.com/benshapiro/status/1103790890756132864)
* \[EDIT: Part about Steve King was removed as it was misleading\]
* Republican Ron DeSantis saying Black opponent would ""monkey \[the state of Florida\] up"" by becoming governor? [Nothing to see here](https://twitter.com/benshapiro/status/1034860688601047040)

When it comes to antisemitism [The Left Defends Evil Of Its Own](https://www.youtube.com/watch?v=Pa3Ibqhq2iQ), but on racism, Shapiro himself is more than happy to downplay racism in the Republican party.

&amp;#x200B;

But it's not like he goes around calling people self-hating Jews?

[Only Glenn Greenwald.](https://twitter.com/ggreenwald/status/1096219017436631040)

[And Sid Blumenthal.](https://twitter.com/benshapiro/status/660218373582622720)

[And Max Blumenthal.](https://twitter.com/benshapiro/status/176752040091983874)

[Oh wait no, Jews who vote democrat are bad as well.](https://twitter.com/benshapiro/status/133918830073352192)

&amp;#x200B;

Twitter search racism from Ben Shapiro and you'll find nothing but [him mocking the notion](https://twitter.com/search?q=racism%20from%3ABenShapiro&amp;src=typd).

Twitter search homophobia from Ben Shapiro and you'll find nothing but [him mocking the notion](https://twitter.com/search?q=homophobia%20from%3ABenShapiro&amp;src=typd).

Twitter search antisemitism from Ben Shapiro and  [he's calling everyone an anti-Semite and it's just all so horrible.](https://twitter.com/search?q=anti-semite%20from%3ABenShapiro&amp;src=typd)

&amp;#x200B;

Kinda hypocritical? [Just a tad.](https://i.redd.it/w7zqj25ukew21.png)

Hey let's play a game. Who would win in a debate: [Ben Shapiro or Ben Shapiro](https://pbs.twimg.com/media/D2npALUXQAESmex.jpg).

&amp;#x200B;

&gt;[Calling  you a racist and sexist, a bigot and a homophobe, gives them a sense of  satisfaction with their status in the universe, even if they never help  a single individual human being.](https://www.goodreads.com/work/quotes/41633875-how-to-debate-leftists-and-destroy-them-11-rules-for-winning-the-argume?page=3)

Is Ben Shapiro talking about leftists or himself?

&amp;#x200B;

**Ben  Shapiro absolutely positively had ZERO responsibility in inspiring the  Quebec Mosque shooter, but also Ilhan Omar's anti-Semitic rhetoric is so  strong and vile that her condemnation of the San Diego synagogue  shooter means nothing**

On January 29, 2017 a Canadian man entered a mosque in Quebec and murdered 6 people. Turns out the shooter had [visited the twitter account of Ben Shapiro 93 times in the weeks leading up to the shooting](https://twitter.com/andyriga/status/985939322263228417/photo/1),  by far more than any of the other far right pundits who appeared on the  list such as Alex Jones, Richard Spencer, and David Duke. But this  doesn't mean much of course considering that [the alt right and Ben Shapiro share almost nothing in common (/s)](https://pbs.twimg.com/media/D5Z7SQIWwAIvKZC.jpg) because Ben Shapiro is Jewish and the alt-right hates Jews! Needless to say, Ben was [not very happy about this](https://twitter.com/benshapiro/status/986024843807109121) and [remained strong](https://montrealgazette.com/news/quebec/i-didnt-incite-mosque-shooter-conservative-pundit-ben-shapiro-insists) that the idea that he radicalized the shooter was ridiculous.

&amp;#x200B;

Well surely it's just a coincidence, right? It's not like Shapiro ever made an entire video about how [the vast majority of Muslims are a threat to Western civilization](https://www.youtube.com/watch?v=g7TAAw3oQvg), or tweeted that [Arabs just like to bomb crap and live in open sewage](https://twitter.com/benshapiro/status/25712847277), or [insinuated that one of our top priorities is to deal with Radical Muslims](https://twitter.com/benshapiro/status/742845088586334208).  Am I right? I mean who could possibly see 100% factual and logical  videos (/s) and opinions saying Muslims are a threat to them and think  maybe eradicating Muslims might be a good idea?

[(except the Quebec mosque shooter who literally said this in his deposition)](https://www.cnn.com/2019/02/08/americas/quebec-mosque-shooting-shooter-sentence/index.html).

&gt;During  the sentencing phase, investigators said \[The Shooter's\] online   activity showed he was fascinated by serial killers and the alt-right   movement and was a fan of US President Donald Trump's immigration   policies.  
&gt;  
&gt;\[The Shooter\] told an  investigator that he carried out the attack after  seeing reports that  the Canadian government would welcome more refugees  into the country.

&amp;#x200B;

Well anyway, fast forward to 2019 and Ben Shapiro says [it's objective fact that U.S. Rep. Ilhan Omar is an anti-Semite](https://youtu.be/hVOfgUjjquk?t=76). He then goes on to say that [Ilhan Omar shares similar views with the San Diego synagogue shooter](https://twitter.com/JasonSCampbell/status/1123025569472483328)  (Ben Shapiro shared similar views with the Quebec mosque shooter) and  because of this refuses to take her condemnation of anti-Semitism  seriously (but then feigns shock when people refuse to take his  condemnation of the Quebec shooter seriously). Pretty hypocritical.

&amp;#x200B;

Also,  let's look at the evidence Ben Shapiro provides that Ilhan Omar is an  anti-Semite since he claims seriously evidence is necessary to take an  accusation of bigotry seriously.

&gt;[Israel  has hypnotized the world, may Allah awaken the people and help them see  the evil doings of Israel. #Gaza #Palestine #Israel](https://whyevolutionistrue.files.wordpress.com/2019/02/image1-4.jpg?w=487&amp;h=309)

[It's all about the Benjamins baby 🎶](https://merip.org/wp-content/uploads/2019/02/Omar-Tweet.jpg)

Shapiro's  central claim is that these tweets play into the anti-Semitic trope  that Jews control the world and are good with money. These without a  doubt do align with anti-Semitic tropes but I think it would be unfair  to strip the situation of context as Ben Shapiro often says of claims of  racism. The first tweet was tweeted November 16, 2012. It's safe to  assume that Ilhan Omar is referencing [Operation Pillar of Defense](https://en.wikipedia.org/wiki/Operation_Pillar_of_Defense#Media_coverage) which involved the Israeli bombings of media facilities and civilians and the World's subsequent [reactions](https://en.wikipedia.org/wiki/Reactions_to_Operation_Pillar_of_Defense).  The second is a criticism of the dangers that money in politics have on  our democracy including the Israeli funded lobbying group AIPAC. Ilhan  Omar has been very consistent on the issue of money in politics AND  human rights criticizing the influences of not only Israel but [Saudi Arabia (Human Rights)](https://twitter.com/IlhanMN/status/1122993210383454209), [Saudia Arabia (Money)](https://twitter.com/IlhanMN/status/1085970408036274176), [South Sudan (Money)](https://twitter.com/IlhanMN/status/1122999658975039489)  as well. Based on the above two tweets, to say that Ilhan Omar is  ""objectively anti-Semitic"" would mean that you would have to believe  that any and all criticism of the Israeli government is anti-Semitic  even if she is consistent on the criticisms she raises for Israel in  regards to other countries.

&amp;#x200B;

I know the answer: Ben doesn't actually care about antisemitism, [only whether you're pro-Israel or not](https://pbs.twimg.com/media/D1KK6QsW0AQEmry.jpg).

&gt;[When  someone labels you a bad human being because they disagree with you,  they are bullying you. They are attacking your character without  justification. That’s nasty. In fact, it makes them nasty.](https://www.goodreads.com/work/quotes/41633875-how-to-debate-leftists-and-destroy-them-11-rules-for-winning-the-argume?page=3)

But I thought old benny boy hates when leftists call him mean names over political disagreements. 🤔

&amp;#x200B;

Bonus Meme: [The right side of history is a morally idiotic phrase](https://i.redd.it/ccqpvemiori21.png)

# Bad Faith Arguments

**How do we know he argues in bad faith?**

Well, he tells us

&gt;[""The  only reason to have a conversation or be friends with anyone on the  left is if you're in public in front of large audience &amp; your goal   is to humiliate them as badly as possible.""](https://twitter.com/saeen90_/status/1092106166749007872)

Totally a guy who wants to have a reasonable discussion. /s

&amp;#x200B;

Shapiro claims [this was just a joke](https://twitter.com/benshapiro/status/1092132502850789376) and taken out of context. [Perhaps we should look at the full context](https://pbs.twimg.com/media/DylNNxwWsAUiCg0.jpg) or even the [the full video.](https://youtu.be/cZRuwjvAMuQ)  Interesting how he's not laughing or even smiling while telling this  joke as he so often does smugly when saying other jokes. Dude is  completely serious or this is just a really bad joke. [Bonus Meme](https://pbs.twimg.com/media/DygmjNEUYAAzUnx.jpg).

&gt;[All that matters is victory.](https://qph.fs.quoracdn.net/main-qimg-2c8492c973401178ceffaf70c841ba1b)

Ben Shapiro opens up his book titled ""How To Destroy Leftists in Debate""

&amp;#x200B;

""**But Ben Shapiro's still a really good debater though right?""**

Well,  sort of. He's known for making a lot of fallacious arguments.  It's  also pretty telling just how many of his EPIC OWNS and DESTROYS video  compilations of this intellectual heavy weight are against emotional  college students. This is not all impressive. A 35-year-old career political commentator Harvard Law alumni dunking on random college kids is akin to a pro boxer knocking out your average Joe in a street fight. You'd be shocked if it didn't happen.

&amp;#x200B;

**""But he has debated people like Cenk Uygur, Piers Morgan, and Sam Harris and he DESTROYED THEM""**

Granted,  he did look pretty good against Cenk mostly because he nailed his  talking points and cited statistics, whereas Cenk was embarrassingly  unprepared repeatedly deferring to ""Google It!"" which looks awful in a  debate setting.

&amp;#x200B;

Piers Morgan is renowned in the UK for being an idiot. [(1)](https://meaww.com/good-morning-britain-piers-morgan-idiot-stop-trump-coalition-activist) [(2)](https://vegnews.com/2019/3/gordon-ramsay-to-piers-morgan-go-fck-yourself-and-stop-hating-vegans) [(3)](https://www.yahoo.com/lifestyle/little-mix-called-piers-morgan-185439657.html) [(4)](https://jezebel.com/its-time-to-ignore-piers-morgan-1780859273) [(5)](https://www.joe.ie/sport/piers-morgan-wins-idiot-of-the-day-award-again-2-547984)

&amp;#x200B;

Discussion with Sam Harris (on religion) was not even a debate and he absolutely didn't destroy him.

&amp;#x200B;

""**Well what's he supposed to do? Every leftist is afraid to debate him!""**

Ben Shapiro declined to debate anyone at Politicon 2018 and multiple leftists including Kyle Kulinski ([Evidence 1](https://twitter.com/KyleKulinski/status/1102952026709868544), [Evidence 2](https://twitter.com/KyleKulinski/status/1066881029691056129)) and David Pakman ([Evidence 1](https://twitter.com/dpakman/status/1027988230866710528), [Evidence 2](https://twitter.com/dpakman/status/1011325804444340226)) said they offered to debate him. I'm sure Sam Seder would have been happy to debate him as well ([(1)](https://twitter.com/SamSeder/status/907983578188992512), [(2)](https://twitter.com/SamSeder/status/916288475032379392)).

&gt;[No  wonder the left seeks to avoid political debate at all costs. Why  bother? Members of the left are not interested in having a debate about  policy. ](https://www.goodreads.com/work/quotes/41633875-how-to-debate-leftists-and-destroy-them-11-rules-for-winning-the-argume)

&amp;#x200B;

&amp;#x200B;

**Either logic man doesn't know what socialism is or he's purposefully conflating social democracy and socialism**

Watch the video below or just the read summary:

[Ben Shapiro is Painfully Ignorant About ""Socialism""](https://youtube.com/watch?v=80htU0SwU9w) | The David Pakman Show

&amp;#x200B;

TL;DW

Social  Democracy is a capitalist free market economy with high rates of social  welfare, where as socialism is the social and democratic ownership of  the means of production (ie a post-capitalist philosophy). Ben Shapiro  bizarrely argues that leftists want socialism and Venezuela, but when  asked which policies they prefer, leftists will say free college,  socialized healthcare, more paid time off, and  paid family leave or  social democratic policies often found in places like the Nordic  Countries, Germany, Canada, or Australia and not actual socialism. But,  Ben Shapiro will smugly point out that these countries are in fact not  socialist, but then go on to blame socialism for their shortcomings. In  the video, David Pakman basically breaks down that Ben Shapiro's segment  on Fox News is literally just [this meme](https://i.redd.it/93kjpbtearg21.jpg).

&amp;#x200B;

**Common Fallacies and Dirty Debating Tactics:**

**Snuck Premises**

A snuck premise is the clever use of language by which you introduce a contended point as a given.

The  whole idea is to frame your argument in a way that stumps your opponent  making it difficult to recognize what it is exactly that they agree  with. The entire abortion debate hinges on whether a fetus is a human  life or not. So, when Ben Shapiro says abortion is a ""baby being killed""  it completely skips over the main point of contention, stumping the  opponent, and making it seem as if Shapiro had won the point when in  reality he hadn't argued the point at all.

See the following clip for some examples of this:

[7 Reasons Ben Shapiro Is So Dominant in Debates](https://youtu.be/JY5t6iUzajk?t=361) | Charisma on Command

&amp;#x200B;

**Straw Manning**

&gt;A **straw man** is a [logical fallacy](https://rationalwiki.org/wiki/Logical_fallacy) which occurs when a debater [intentionally misrepresents](https://rationalwiki.org/wiki/Red_herring)   their opponent's argument as a weaker version, and rebuts said version  —  rather than their opponent's genuine argument. Intentional  strawmanning  is usually done with a certain goal in mind, including:Avoiding real debate against an opponent's real argument, because the misrepresenter risks losing in fair debateMaking the opponent's position appear ridiculous as a way of [poisoning the well](https://rationalwiki.org/wiki/Poisoning_the_well)

[Rational Wiki: Straw Man](https://rationalwiki.org/wiki/Straw_man)

&amp;#x200B;

* [Shapiro  routinely states that socialism and social justice are evil because  they promote equality of outcome over equality of opportunity](https://www.youtube.com/watch?v=9Xb9ohiU-9A)

This is just blatantly false

&gt;[The  German economist and philosopher Karl Marx is sometimes mistakenly  characterized as an egalitarian and a proponent of equality of outcome  and the economic systems of socialism and communism  are sometimes  misconstrued as being based on equality of outcome. In  reality, Marx  eschewed the entire concept of equality as abstract and  bourgeois in  nature, focusing his analysis on more concrete issues such  as  opposition to exploitation based on economic and materialist logic.](https://en.wikipedia.org/wiki/Equality_of_outcome)  
&gt;  
&gt;[In  Marxist theory, communism is based on a principle whereby access to  goods and services is based on free and open access (often referred to  as distribution based on one's needs in the literature); Marx stressed  free access to the articles of consumption.\[27\] The ""equality"" in a  communist society is thus not about total equality or equality of  outcome, but about equal and free access to the articles of  consumption.\[28\] Marx argued that free access to consumption would  enable individuals to overcome alienation.  Despite this, socialists,  communists and Marxists believe that by eliminating exploitation their  respective principle of compensation will lead to emancipation and  greater equality than that found in capitalism because there would be no  inequality arising from private ownership of productive property.](https://en.wikipedia.org/wiki/Equality_of_outcome)  
&gt;  
&gt;[Social  justice is a concept of fair and just relations between the individual  and society. This is measured by the explicit and tacit terms for the  distribution of wealth, opportunities for personal activity, and social  privileges. The relevant institutions often include taxation, social  insurance, public health, public school, public services, labor law and  regulation of markets, to ensure fair distribution of wealth, and equal  opportunity.](https://en.wikipedia.org/wiki/Social_justice)

&amp;#x200B;

* [Complete misunderstanding of socialism](https://youtu.be/Y9O-NoccXQQ?t=80):  Socialism is not the government owning the means of the production,  it's the workers. He often conflates socialism with big government.  Socialism doesn't even require a state. He asks which one it is, but  doesn't let the kid answer \[this is also a form of [gish galloping](https://rationalwiki.org/wiki/Gish_Gallop) where he raises several points in the same response, without allowing the kid to answer to any of them\].

&amp;#x200B;

* AOC wants to [ban airplanes, rebuild every building, destroy cars, shut down power plants](https://twitter.com/benshapiro/status/1098633119467429888), and [ban farting cows](https://twitter.com/benshapiro/status/1103045941945344000). Except she doesn't. Take a look at the actual resolution for the [Green New Deal](https://www.congress.gov/bill/116th-congress/house-resolution/109/text).

[No, the Green New Deal Doesn’t Ban Meat or Planes. Here’s What It Does.](https://www.motherjones.com/environment/2019/05/no-the-green-new-deal-doesnt-ban-meat-or-planes-heres-what-it-does/)

&amp;#x200B;

* [AOC thinks the world will end in 12 years!](https://twitter.com/benshapiro/status/1101214231620251649)

Incredibly disingenuous representation of what she said considering the [UN literally states we have 12 years to limit the effects of climate change before the damage will become irreversible.](https://www.theguardian.com/environment/2018/oct/08/global-warming-must-not-exceed-15c-warns-landmark-un-report)

&amp;#x200B;

* [The left wants post-birth abortions!](https://twitter.com/benshapiro/status/1090732337531301888)

&gt;most  of the patients getting later term abortions in the film very much   wanted to have their babies but, after getting a horrific diagnosis of   serious fetal abnormalities, decided to terminate. Babies who would be   born with organs on the outside, babies who would never be able to move,   babies whose lives would be a few short days of unending pain before   death: The almost-parents tell their stories haltingly, often weeping at   how unfair it is to have to choose between two terrible options.“There are, you know, when we talk about third trimester abortions, **these   are done with the consent of, obviously, the mother, with the consent   of the physicians – more than one physician, by the way – and it’s done   in cases where there may be severe deformities, there may be a fetus   that’s non-viable.“So,   in this particular example, if a mother is in labor, I can tell you   exactly what would happen. The infant would be delivered. The infant   would be kept comfortable. The infant would be resuscitated if that’s   what the mother and the family desired, and then a discussion would   ensue between the physicians and the mother.**

[https://slate.com/human-interest/2013/09/after-tiller-a-documentary-about-late-term-abortion-and-the-four-remaining-doctors-who-perform-it.html](https://slate.com/human-interest/2013/09/after-tiller-a-documentary-about-late-term-abortion-and-the-four-remaining-doctors-who-perform-it.html)

&amp;#x200B;

* [THE ENTIRE LEFT: YOU ARE EVIL FOR THINKING THIS WAY AND ALSO NOT A REAL BLACK PERSON ANYMORE](https://twitter.com/benshapiro/status/989323817737736192)

\- Ben Shapiro as he calls people self-hating Jews.

&amp;#x200B;

* [Who is this significant portion of the left defending Louis Farrakhan?](https://twitter.com/benshapiro/status/1124016261036482561)

&amp;#x200B;

* [LO-FUCKING-L](https://twitter.com/benshapiro/status/1011299942005014528)

&amp;#x200B;

* [Literally imagine thinking Democrats are anywhere near Marx economically when Bernie is still castigated by much of the party.](https://twitter.com/benshapiro/status/993575194647187457) Ben Shapiro even [acknowledged this.](https://twitter.com/benshapiro/status/786576411955830789)

&amp;#x200B;

So many of the articles he's written talk about ""the Left"" doing things as if they're mainstream when he often only cites [one group](https://t.co/GK7dK9U5d0) or even [one person.](https://twitter.com/benshapiro/status/978646996218097664)

&amp;#x200B;

**Ad hominem / Poisoning the well**

&gt;**Argumentum ad hominem** (from the [Latin](https://rationalwiki.org/wiki/Latin), ""argument to the person"") is an informal [logical fallacy](https://rationalwiki.org/wiki/Logical_fallacy) that occurs when someone attempts to refute an argument by attacking *the claim-maker*,   rather than engaging in an argument or factual refutation of the  claim.  There are many subsets of ad hominem, all of them attacking the  source  of the claim rather than attacking the claim or attempting to  counter  arguments. They are a type of fallacy of relevance.

[Rational Wiki: Argumentum Ad Hominem](https://rationalwiki.org/wiki/Argumentum_ad_hominem)

&amp;#x200B;

&gt;**Poisoning the well** (also called the **smear tactic**) is a rhetorical technique and [logical fallacy](https://rationalwiki.org/wiki/Logical_fallacy) that uses the [association](https://rationalwiki.org/wiki/Association_fallacy) of negative [emotions](https://rationalwiki.org/wiki/Emotional_appeal) to distract a subject from actual [evidence](https://rationalwiki.org/wiki/Evidence) in an argument.Poisoning the well is an [appeal to hate](https://rationalwiki.org/wiki/Appeal_to_hate).The  usual method is to point out the unpleasant nature of the  person  making the opposing argument, in which case it is a special case  of a  personal attack or [*ad hominem*](https://rationalwiki.org/wiki/Ad_hominem).   In general, ""to poison the well"" means to pre-provide any information   that could produce a biased opinion of the reasoning, positive *or* negative.

[Rational Wiki: Poisoning the Well](https://rationalwiki.org/wiki/Poisoning_the_well)

&amp;#x200B;

I'd think I've provided sufficient evidence to prove this already but here is more:

[Bernie Sanders is a loonbag](https://twitter.com/benshapiro/status/827583040406687745)

&amp;#x200B;

During  the debate with Cenk Uygur, Cenk talked about campaign finance reform  by saying that  companies shouldn't be allowed to donate to political  campaigns because  it makes them work for that company’s interests.  Shapiro responds by  comparing in to an investment and attacking Cenk  because he started his  media company with a five million dollar  investment. This is not only an  ad hominem attack on Cenk, but it is  completely irrelevant to his  argument.

&amp;#x200B;

[The left is angry](https://www.youtube.com/watch?v=bnFfWa6FJ2c)

&amp;#x200B;

&gt;[As a general matter, the left’s favorite three lines of attack are (1) you’re stupid; (2) you’re mean; (3) you’re corrupt.](https://www.goodreads.com/work/quotes/41633875-how-to-debate-leftists-and-destroy-them-11-rules-for-winning-the-argume?page=4)

Dems are stupid [(1)](https://twitter.com/benshapiro/status/816184830643740672) [(2)](https://twitter.com/benshapiro/status/897815728312668160) [(3)](https://twitter.com/benshapiro/status/975780177799135232) [(4)](https://twitter.com/benshapiro/status/722847546293420033) [(5)](https://twitter.com/benshapiro/status/973200510260985861)

Dems are mean [(1)](https://twitter.com/benshapiro/status/496164011113996288) [(2)](https://twitter.com/benshapiro/status/162356314142556161) [(3)](https://twitter.com/benshapiro/status/421049933899116544) [(4)](https://twitter.com/benshapiro/status/139724805623652353)

Dems are corrupt [(1)](https://twitter.com/benshapiro/status/748188803752333313) [(2)](https://twitter.com/benshapiro/status/750378833728008192) [(3)](https://twitter.com/benshapiro/status/760909082186448897) [(4)](https://twitter.com/benshapiro/status/956188862660956167) [(5)](https://twitter.com/benshapiro/status/766119673150570499)

&amp;#x200B;

One  of Shapiro's biggest gripes with the left is that they aren't concerned  with discussing policy. This is pretty bizarre for a guy who's written  entire books about how [the Left is indoctrinating our youth](https://www.amazon.com/Brainwashed-Universities-Indoctrinate-Americas-Youth/dp/1595559795/ref=sr_1_3?keywords=ben+shapiro&amp;qid=1557076145&amp;s=books&amp;sr=1-3) and [how to destroy the Left](https://www.amazon.com/How-Debate-Leftists-Destroy-Them-ebook/dp/B00JRJQ7Z2/ref=sr_1_4?keywords=ben+shapiro&amp;qid=1557076145&amp;s=books&amp;sr=1-4). A large chunk of his content is also dedicated to tearing down leftists which he admits is the goal of his ""debates"".

It's  true that much of the left argues platitudes over policy as seen with  candidates like Pete Buttigieg or Beto O'Rourke. It's, however  important, to note that they're are in fact people on the left who are  almost entirely policy driven including [Bernie Sanders](https://feelthebern.org/) and [Andrew Yang who currently has over 100 policy proposals on his website.](https://www.yang2020.com/policies/)  One of the most disingenuous things about Shapiro is that he tends to  over generalize the left and paints them with such a broad stroke. For  him to make claims that the left as a whole is more concerned with  identity than policy is a little disingenuous especially considering  policies proposed by populist-Left politicians such as Elizabeth Warren,  Tulsi Gabbard, Bernie Sanders, AOC, Ilhan Omar, and Ro Khanna (some of  the people Ben seems to have the most vocal criticisms of) poll well  including majority support for [ending the wars (86%)](https://www.thenation.com/article/new-poll-shows-public-overwhelmingly-opposed-to-endless-us-military-interventions/), [legalizing marijuana (63%)](https://thehill.com/homenews/news/385018-poll-support-for-legal-marijuana-hits-all-time-high), [medicare for all (70%)](https://thehill.com/policy/healthcare/403248-poll-seventy-percent-of-americans-support-medicare-for-all), [wealth tax (60%)](https://thehill.com/blogs/blog-briefing-room/news/441394-majority-of-voters-support-wealth-tax-oppose-free-college-poll), [student loan forgiveness (57%)](https://thehill.com/blogs/blog-briefing-room/news/441394-majority-of-voters-support-wealth-tax-oppose-free-college-poll), [raising the top marginal tax rate to 70% (59%)](https://thehill.com/hilltv/what-americas-thinking/425422-a-majority-of-americans-support-raising-the-top-tax-rate-to-70), [universal gun background checks (94%)](https://poll.qu.edu/national/release-detail?ReleaseID=2470), [a green new deal (80%)](https://thehill.com/policy/energy-environment/421765-poll-majorities-of-both-parties-support-green-new-deal). Failing to recognize this is willful ignorance from Ben Shapiro who says such policies are [radical, untenable, and not in the mainstream](https://www.youtube.com/watch?v=zmaomOEiBO4).

&amp;#x200B;

**Appeal to Emotion**

&gt;An **appeal to emotion** (sometimes **personal appeal** or **argumentum ad personam**) is a [logical fallacy](https://rationalwiki.org/wiki/Logical_fallacy)   that occurs when a debater attempts to win an argument by trying to  get  an emotional reaction from the opponent(s) and/or audience, e.g.   eliciting fear or outrage. It is generally characterized by the use of [loaded language](https://rationalwiki.org/wiki/Snarl_word) and concepts ([God](https://rationalwiki.org/wiki/God), [country](https://rationalwiki.org/wiki/Nationalism), and apple pie being good concepts, [homosexuality](https://rationalwiki.org/wiki/Homosexuality), [drugs](https://rationalwiki.org/wiki/Drug),   and crime common bad ones). In debating terms, it is often effective  as  a rhetorical device, but is dishonest as a logical argument, since  it  often appeals to listeners' prejudices instead of being a sober   assessment of a situation

[Rational Wiki: Appeal to Emotion](https://rationalwiki.org/wiki/Appeal_to_emotion)

&amp;#x200B;

[This](https://youtu.be/RDmwPGrZkYs)  pretty popular (3.3M views) video of Ben Shapiro DESTROYING the  abortion argument is quite simply an appeal to emotion, particularly  appeal to shame and appeal to intuition. This video boils down to him  putting fetuses on the screen and saying ""this is so sad... doesn't  everybody feel bad... i mean how can you disagree?""

&gt;This is a grave sin  
&gt;  
&gt;This is a blot on the morality of the American people

Quite  odd from Mr. Facts Don't Care About Your Feelings who hates when the  Left lectures people about moral superiority. Especially considering he  has a video [DESTROYING Jimmy Kimmel](https://www.youtube.com/watch?v=O3v30jVtXMI) for trotting out sick kids to promote Medicare for All and [DESTROYED him again](https://www.youtube.com/watch?v=qxJWVWXOHPA) for crying about the Vegas shooting.

&amp;#x200B;

**Cherry-picking of Data and Evidence**

*Excerpts from* [*The Cool Kid's Philosopher*](https://static.currentaffairs.org/2017/12/the-cool-kids-philosopher) *in Current Affairs*

&gt;He  says the idea that black people’s  disproportionate poverty has  anything to do with racism is “just not  true,” and tosses out a few  points to prove that the importance of race is overstated: First, Asian  Americans are wealthier than white people,  which would be impossible if  racism determined economic outcomes.  (Shapiro doesn’t mention that the  [vast majority of Asian American adults are immigrants](http://www.pewsocialtrends.org/2012/06/19/chapter-1-portrait-of-asian-americans/), and they are disproportionately from the wealthier and more highly-educated segments of their own countries.)  
&gt;  
&gt;Second,  he says, people of any race who  work full time, are married, and have  high school diplomas tend not to  be poor, meaning that poverty is a  function of one’s choice not to do  these things. (In fact, this theory,  widely cited by conservatives, [turns out to be vacuous](http://mattbruenig.com/2017/07/31/the-success-sequence-is-about-cultural-beefs-not-poverty/): of course people who have full-time jobs usually aren’t in poverty, the problem is that black people disproportionately [can’t get jobs](https://www.economist.com/blogs/graphicdetail/2017/08/daily-chart-1).)  
&gt;  
&gt;Next,  Shapiro says that because black  married couples have a lower poverty  rate than white single mothers,  “life decisions” are what creates  poverty. (Actually, even when two  black people pool their wealth in a  marriage, “[the median white single parent has 2.2 times more wealth than the median black two-parent household](http://www.demos.org/publication/asset-value-whiteness-understanding-racial-wealth-gap).”)  
&gt;  
&gt;Finally,  Shapiro says that the  disproportionately black population in America’s  prisons say nothing  about racism, because black people simply commit  more crimes, and “if  you don’t commit a crime, you’re not going to be  arrested for it”  because “the police are not going around arresting  black people for the  fun of it.” (I have some [black](https://newsone.com/3759980/louisiana-man-freed-after-46-years-in-prison/) [men](https://www.innocenceproject.org/cases/rickie-johnson/) [in](https://www.npr.org/sections/thetwo-way/2014/03/12/289520498/man-exonerated-freed-after-3-decades-on-louisianas-death-row) [Louisiana](https://www.currentaffairs.org/2017/10/theres-never-a-way-to-make-it-right)   I’d like Shapiro to meet so that he can explain his theory that people   do not get arrested for crimes they haven’t committed. But I’d also  like  to hear him explain why [black men receive 20% longer sentences for the same crime](https://www.washingtonpost.com/news/wonk/wp/2017/11/16/black-men-sentenced-to-more-time-for-committing-the-exact-same-crime-as-a-white-person-study-finds/?utm_term=.b412de570cd6) as white men with similar backgrounds.)  
&gt;  
&gt;But Shapiro plucks only the statistics that suggest race doesn’t matter, and pretends the statistics that suggest it *does*  matter  don’t exist. Nobody can trust him, because if he comes across a  finding  showing that incarceration rates more closely follow crime  rates than  racial demographics, you can bet it will appear in his next  speech. But  if someone shows that [a white man with a criminal record is far more likely to receive a job callback than a black man without a criminal record](https://thesocietypages.org/socimages/2015/04/03/race-criminal-background-and-employment/), you’ll never hear it mentioned.

&amp;#x200B;

EDIT: Removed the part about Steve King as the claims I made about Shapiro's response were misleading. After more info of Steve King  came out, Shapiro denounced him and urged people to vote for his opponent.",36337,10625
4,gw0762,"This hurts me a lot because I used to genuinely look up to him, but over time, I realized that he’s not as great as many people love to make him out to be. Before, I was worried about writing this due to the shit-storm that would follow, but now, I feel like I should just do it. This post is gonna explain why Olajide William Olatunji— better known as KSI— is not only overrated, but undeserving of most— if not all— of the praise he gets, while also debunking arguments that could be used against me. The segments are not simply based on things I hate that he did/does; each segment is accurate to how he is today, so there's no reason for me to criticize him for [this](https://www.youtube.com/watch?v=3f9uy1skReU) anymore. Lastly, brace yourself; this is so long that I couldn't fit it all in here.

**Too short a break**

After KSI took a long break from YouTube, he would return in July 23, 2017, with [a video explaining why he took a break in the first place](https://www.youtube.com/watch?v=wxxgopfXpbk). If you don't want to watch the video, I will break down everything he said:

\-The ""Old KSI"" persona was too hard to pull off forever

\-People now only make videos for money-- especially by stretching their videos to be at least 10 minutes for more views and littering them with ads

\-YouTubers made clickbaiting a trend, and now have sponsors, editors and cameramen, rather than doing it all themselves like they used to

\-He said he was guilty of this too, and that he doesn't love how it's the only way to be a YouTuber, and he doesn't want to follow that trend anymore

\-He doesn't think he can bring back the ""Old KSI"" because he's older than he was when he started YouTube

\-And lastly, he wants to do what he wants to do, not what other people want him to do

Unfortunately, this was not a sign of wanting to put everything back the way it was; it was the New KSI's rise to power. Let me explain:

\-The ""Old KSI"" obviously had more fun doing videos that were unique, funny, and relatable, whereas this new one does the same thing again and again just for money (more on that in the next segment)

\-He also stretches his videos well beyond the 10-minute mark to increase view count and litter his videos with ads. Not saying JJ’s the only one guilty of this; just that he has no leg to stand on.

\-I understand why he doesn't love the need to have sponsors in every video, but he's also sponsored (by G-Fuel) and still mocks others for having sponsors themselves. As for editors and cameramen, I agree with him, but it's not as much ""not the 'You' in ""YouTube"" anymore"" as it is something that is okay, but not recommended. Even if it was, two of his friends do each of those jobs for him.

\-He was not guilty of any of this at all before taking a break. If he admitted to it today, that would make sense. Even then, he would have to do change that, but that doesn't feel likely

\-If his interests change because he's older, that's reasonable, but prefacing it by saying ""I don't want to do the same thing over and over again"" is wrong. He hardly ever did the same thing over and over until he put the bandana on

\-His new video schedule of more obnoxious and lazy videos is clearly what others want him to do. Even if he wanted to do it, he only wants to because it doesn't require much effort, if not any, and people forget it is as good as stretching your video length to 10 minutes just for ads

A lot of you don't want to hear it, but this video was, in fact, the Old KSI's execution.

**Lazier and Lazier**

Ever since the Old KSI disappeared, the vast majority of JJ’s content has effectively become dry as a desert, as it consists mainly of reaction videos, Reddit reaction videos, reacting *to* reaction videos, and occasionally a “One Question Go” video. To make matters worse, JJ somehow convinced his fanbase that Reddit videos, which boil down to glorified reaction videos, are worth being “gassed” over... the fact that they still see it that way is a damn shame. I don’t believe I have to explain why these videos are lazy and/or outright terrible, so I will just leave [this](https://www.youtube.com/watch?v=iE2tbCfvn4k) here, which primarily covers why reaction videos are bad, but it applies to “One Question Go” too. If you don't want to watch the video, let me make the message perfectly clear: Every KSI video from 2017 to now relies solely on other people and/or their work to call his own (unless it’s reacting *to* a reaction video, then it’s just blatant greed), and the fact that his content remains this way with every video makes watching every video once into the equivalent of watching just one of his videos on a loop for 3+ years...

...even if you add some form of variety to his content, he still doesn’t have to put any effort into his videos, whereas someone like Logan will do something completely different in almost every new video, and even if other people are a part of them, he takes the spotlight almost all the time... yet people still say JJ’s content is much better than anything and everything Logan Paul can do. At least Logan knows how to get off his chair, and doesn't make lazy content that makes reaching the 10-minute mark trivial.

""His main focus is music, the Sidemen Channel, and his boxing career, so you can't fault him for that."" My responses to that are:

First, that doesn't excuse the lazy mess that is 90% of JJ's content from 2017 to now.

Second, don’t worry; I’ll get to his music soon enough.

Third, the Sidemen Channel is mostly a group effort, so not only is it more than just KSI, but everyone else in those videos arguably contribute 10x more than he ever will, and any exceptions are very few and far between. They even mocked this by releasing a video titled ""KSI falls asleep for 3 minutes"" months before I wrote this.

Lastly: if he has a boxing career, why is he not training? More importantly, why is he taking the time he could use for training to order everything off the McDonalds and/or KFC menu? And if he is, why does it end up in him fighting like an inflatable wavy-arm man from the car commercials? If your answer is “he only does that with taller opponents”, notice how he does the exact same thing in KSI vs Joe Weller, despite him being shorter *and* hardly throwing punches due to pressure.

“They’re entertaining, so you can’t take that away from his content.” The entertainment comes from the stuff JJ reacts to, not JJ himself. And if you’re entertained by watching JJ— or really anyone— look at something you could so easily look up on your own time, I hate to break it to you, but you need help.

If [Lil Bored](https://www.youtube.com/channel/UCnyIt1BmSSbM-H67iNauPOQ) was his editor, or his lazy videos weren't monetized, this segment wouldn't exist.

**Grudges**

As most of you may know, much of JJ's existing fame came from when he made diss tracks and started the YouTube Boxing trend. It proved that he didn't need to go back to ""Old KSI"" to become a superstar again, but it made him a lot of enemies, and most are either still enemies to this day, or are still disliked by him. This is most notable with SkyDoesMinecraft (who was ""NetNobody"" years ago), Joe Weller, Alex Wassabi, FouseyTube, Dax, and the entire Paul family. I can somewhat understand it when he's about to get into a Boxing and/or MMA fight with one of them due to hating your opponent being mandatory to sell a fight, but all things considered, he could very easily become friends with most-- if not all-- of these people he went after in the past, but I can guarantee you that if given the chance, he would gladly attack them again. Don’t believe me? Check out every video of JJ getting interviewed about his fight with Logan. Still don’t believe me? Watch a clip of an Instagram Live Stream where he says “I hope Jake Paul gets the coronavirus”, which, by the way, is disgusting, no matter who he wishes it on, yet his fans pass it off as being *our hero.*

""It's understandable why he holds grudges on them, considering what they did to piss him off."" No. Absolutely not. Unless it was personal, there is zero reason to see them as the spawn of Satan in response, and much less reason to keep seeing them that way years later. Besides, what they did was merely accidentally walking into someone compared to what JJ did in return, and just does in general.

""There are some who he made amends with."" I’m sure, but it was always *after* he made their lives hell for some time, and you still don’t see him apologizing to them for anything, nor do you see his victims claiming he apologized to them.

**Stroke your own ego**

In quite a lot of his videos, songs, and interviews, he will go for every single opportunity he has to brag about his accomplishments and/or the expensive things he owns, that one time when he beat Joe Weller and/or Logan Paul, made a diss track on a Minecraft YouTuber, got more views than someone else, and that one time they were becoming ""irrelevant"". And of course, he has a God Complex. Don't believe me? Listen to his ""Beerus"" song, and his ""Ares"" diss track on Quadeca. If that somehow didn't get to you, the fact that he's dying + styling his hair in the form of Goku's Super Saiyan evolutions *and* getting a $500k (Pounds) Beerus chain, then showing the chain off might as well prove he genuinely believes he is a God. Still not getting to you? How about the fact that he believes he’s a much better boxer than Logan Paul despite Logan clearly showing much more skill in the first fight, and fighting surprisingly well despite his right hand being tied behind his back in the rematch. A lot of this is oddly familiar... remember what happened to RiceGum following his flexing season?

For those who don’t know, let me explain this as quickly as possible: Four years ago, an Asian-American YouTuber named RiceGum became popular after people discovered his diss tracks, which were admittedly good back then, but then his later diss tracks gained more and more time of him boasting about his bank account or anything and everything expensive that he owns, and in 2017, iDubbbz made a “Content Cop” episode on him that not only broke down his supposedly never-ending flexing season, but plenty of his other... shall I say, unethical actions. This resulted in a lot of people seeing his true colors, and as of now, he lost at least 90% of the millions of fans he had before he was exposed, the main reason being he didn’t take the loss well. At the end, RiceGum suffered for it all, but despite having some rough spots left to be patched today, he improved more than you think...

...so now that we’re back to JJ, you see what I’m getting at. Make no mistake: JJ’s reputation is bound to take a massive hit, and his history leads me to say with full confidence that I would be more surprised if he takes it well than if not. If he didn’t have an ego the size of a Sumo Wrestler, he would not let the inevitable hole in his career bring him down. Then again, this is KSI we’re talking about-- the guy who aggressively masturbates to anyone complementing just one thing about him and/or his work.

This never-ending flex session and all his songs where he portrays himself as a God is as much a demonstration of how not to be a role model as it is showcase of how insecure he really is, alongside his fear of taking his bandana off, and his need to use dreadlocks to make his hairline look a little less messy. If he wanted to be a good role model, he would not be obnoxious in any way, shape or form, he would not overhype himself, and he would embrace the hairline memes + forehead memes instead of running away from them.

""If you became that successful, you would've done the exact same thing as JJ and RiceGum."" If I became that successful, I would be mature, and if I lost that success, I would still be mature. I don't let that get to my head.

""KSI's flexing does not compare to RiceGum's.” Wrong. JJ’s flexing is a combination of 2017 RiceGum’s and the “never forget” mentality from a Twitter keyboard warrior.

“Logan didn’t throw his right hand because he was scared.” I don’t know exactly why he didn’t do that, but if it was due to fear, we wouldn’t have seen him take Round 4 by storm, or we would’ve seen him walk out of the ring before the match began. If he didn’t hold back, believe me: JJ would have no will to trash-talk him or his family ever again.

**Defensiveness**

For the people who do not know, following Logan's defeat to KSI, he filed an appeal due to the two-point deduction he suffered during the match, and JJ made two videos on him following that-- one following the announcement of his appeal, and the other following the announcement of the appeal getting denied-- and they all consisted on him clearly getting pissed off about the fact that he even considered appealing at all, and chalking Logan down to a sore loser, despite his own video on Logan showing a clip of him explaining why he appealed in the first place... the second video is worse, because not only is it another ""reacting to someone else's reaction"" video, but half of the time was spent with JJ taking every opportunity he can find to say ""I WON, HAHAHAHA!"". Once again, his fans passed this up as a joke, but that doesn't make it any less awful. More importantly: this all adds up to his God Complex, because he was clearly afraid that Logan’s appeal would get accepted, or he wouldn’t have made those videos at all.

So, you'd think after Logan made his comeback in the beginning of the year, JJ would gain respect for him... right? In the Countdown for Jake Paul vs. Gib, Logan and JJ met, and were both asked a few questions over the course of five minutes, and there was a part of it that clearly showed which one of the two is a better human being... When one of the two Countdown hosts asked them who would win should a third fight happen, this happened:

1. JJ said he would beat Logan, and Logan respected his opinion
2. Logan said he knows he would beat JJ in a third fight, and JJ forcefully laughed it off

You see where I'm going with this? No? Let me put it this way: Either he forced that laughter in hopes of not having to say “Oh no, he’s right!”, or the very thought of losing was unfathomable to him. Think of it however you want, but you absolutely have to agree that this moment proves he can’t handle hard truths.

On Joe Weller’s “Wafflin’” podcast, he admitted to being a “sore winner”, and that was a good first step towards redemption, but there are problems with it:

\-He never said he’s working to change/remove that piece of his behavior

\-The fact that he admitted to this at all proves he was that way from day one, and did not spend any time from then to now rethinking his point of view, his ego, and how he wants his fans to think. Even if you take away everything else I mentioned, that fact alone is much clearer indication that he’s far more likely to reunite with Deji than to lose his worst personality traits, and hell, maybe he’s far more likely to go bald again.

Normally, I’d put some excuses down here and debunk them immediately, but I do not at all see how anyone can tell me I’m wrong about this.

**Not a banger**

Out of all the reasons JJ loves to overhype himself, his music is the worst reason, and that’s saying something. Whenever he’s about to drop a song or an album, make no mistake, he will always call it the greatest hit the UK will ever see. Somehow, he convinced so many people there that a load of songs dedicated to flexing, an album that is 90% autotune, and features that carry the songs almost every time = a banger created by him, and *only* him. Let’s not forget that he uses flashy music videos to assist in creating the illusion of an Eminem-level hit. And people use the excuse that this type of music is popular in the UK, but that’s their own fault for having a taste in music that is mediocre at best. His fans would already buy it anyway because if JJ says something is gonna take the world by storm, they’ll agree without thinking for a second, and even if/when it’s a major disappointment (assuming there is any real excitement for it), they will continue to tell people how much of a “banger” it is.

Let me make this entire segment as simple as possible for anyone who doesn't want to read it all:

\-Bragging about your accomplishments and the expensive things you own is not banger material

\-Autotune alone should prove the song would sound like a dying cat if it wasn’t there

\-Just because the song has a lot of effort put into its music video, or because a feature is doing a much better job, doesn’t mean KSI’s verses are any less obnoxious, generic, or nonsensical

\-He *really* needs a ghost writer

When Logan Paul once said on one of his podcast episodes “KSI’s music isn’t going anywhere”, he couldn’t be any more correct, which is why JJ later titled one of his videos “What Jake Paul *and Logan Paul* could never do”. He knows Logan was right, but is afraid to admit it, so he went on the offense, which I will get into greater detail on later.

I should also mention that people love to say his diss tracks are incredible, yet they forget they hardly ever contain lines that diss their targets, and almost always contain a lot of ego flexing, saying “I’m better than you” and/or “you’re irrelevant” in their own ways, and most notably, one shoehorned Dragonball reference after another. Remind me again why he thinks all of his diss tracks are God Tier...

...at least his ""Millions"" song is alright (due to the message; the lyrics are average at best). Can we at least get more of that level of quality, please?! I sincerely hope that's not yet another once-in-a-lifetime moment.

“Features do not equal a bad song; they actually make it better most of the time.” That is true, but at the end of the day, if they’re doing a better job than you, it should be labeled as their song, not yours. KSI is not a lyrical genius just because S-X carried *Down like that*, or because Smokepurpp made *Poppin’* tolerable at the very most, or even because he began using autotune more; it only proves JJ is not even close to ready to do it again, even if his fans are willing to convince him otherwise.

“Everybody uses autotune.” That doesn’t make it any better; it actually makes it even worse, as it shows JJ is simply following one of the worst music trends imaginable.

This is the first time I’m saying this unironically: I found more banger material in “I’m on a horse” than the vast majority of Dissimulation.

**False Promises**

This segment contains three examples of JJ begging for you to give something he did more likes and/or views/streams to do something special if the goal is reached— one of which is very recent:

\-“My first Adult Movie ft Celestia Vega (YouTube)” - promised to do a porno if the video got 1M likes (and it did)

\-“Reacting to African Videos (YouTube)” - promised to recreate the videos he reacted to if the video got 600k likes (and it did)

\-“Dissimulation (Music)” - promised to shave his head again if his new album hit number 1 on official charts by May 29th, but didn't say which one until after that day (it reached number 1 on official charts in Ireland *and* the UK)

They all have something outright scummy in common:

1. Each example consists of him begging for more likes, views/streams, etc. and masking it by saying he'll do something special if it reaches a certain point
2. Based on the first two examples, he will throw his promises out the window and act like he has no obligation to do it the moment he reaches his goal, and everyone will do nothing but joke about it for a few days before moving on with their life and pretending they didn’t just let KSI lie to them again.

After begging for more attention in his own way three separate times for a non-existent goal, people have no reason to believe him when he inevitably makes another promise in that fashion unless he fulfilled at least one of his earlier ones, but they will believe him again anyway because UK YouTubers are allowed to get away with anything. And even if he does somehow feel like doing what he promised, his fans would have to get lucky by having JJ somehow be in the perfect mood to fulfill a promise he would normally cry about when reminded that he made one, and plenty of them before it. I said they need to get lucky because it never happened yet.

“He fulfilled his promise the first time by going bald when the Sidemen Book hit number 1 on sales charts.” Correction: the Old KSI fulfilled his promise. He wouldn't have done that if the events leading up to it happened a year later.

“If he fulfills a promise eventually, you’ll be proven wrong” Yes, you’re right about that, but assuming we get that outcome, the only way he can be completely in the clear is if he fulfills all of his earlier promises that he threw out the window, and stops begging for likes/views just to do nothing.

“Logan and Jake Paul do the same thing. Why call KSI out for it when you could be calling them out?” If I wanted to call them out for it, I would’ve made an entirely different thread dedicated to criticizing them for the things they did, but that argument is just trying to put the spotlight on someone else. Sorry, but JJ’s staying in the spotlight for now. Also, sure, they beg for likes and/or retweets quite a few times, but they always fulfill their promises, and occasionally even if they *don’t* reach their goal. That’s why Logan released “Going Broke” early. They are men of their word; JJ was only a man of his word *once*, and it was before he put the bandana on.

**”I mentioned Jake and Logan Paul in the title of my new video; give me views”**

Anyone who reads this thread, then goes to JJ's second channel right now will notice that his views are dipping, despite him uploading more often (although that is only possible because he's not doing anything that requires effort on that channel). And notice how select videos only skyrocket in views when he mentions Jake Paul or Logan Paul in the title. The same people who are willing to blindly pass this off as ""KSI being KSI"", or whatever they will say, are the same people who will invade Logan's comment sections for days-- if not weeks-- on end just for doing it once, even if it's not for the sake of views.

“They deserve it for everything they did in the past.” Wrong. They improved, and continue to improve (despite Jake still having a long way to go) so they deserve to be respected for working to improve themselves (more on that later).

“They do the same thing with porn stars.” I know they do, and I don’t agree with that either, but that’s no excuse to believe JJ’s in the right.

**Worst fan-base of all**

Anyone who knows JJ well enough will know that a major contributor to his feeling of being above everybody else is his fans... his loud, childish, short-fused fans. The reason why KSI is still relevant to the YouTube scene at all is because out of the millions of fans who left him, there are still at least half a million of them who are so dedicated to him that they are willing to go down with the ship. And that's actually good, until you realize they love to take their dedication way too far. If anyone on Twitter dares to criticize a small thing about him, they will take it as an act of war by harassing them, and even continuing the harassment for months on end. You'll also notice that they flood the Twitter reply sections from Jake Paul, Alex Wassabi, Logan Paul, and everyone JJ dislikes or hates. Speaking of which, some of the much more vocal side genuinely wish death upon almost everyone— if not everyone— that KSI had and/or still has beef with for no reason whatsoever. Not only does this make them worse than the people they attack, but it cements them as what they like to call fans of Jake, Logan, etc.: Yes-men...

...if that isn't bad enough, JJ is perfectly happy to let them run wild, and occasionally [mark a target for them (Skip to 10:52)](https://www.youtube.com/watch?v=SR_rdONusqc). Call it a joke if you want, but it's not. He never once said ""No, I'm kidding. Don't do that.""; he knew what he said, and he knew what he wanted his fans to do. It's a terrible combination of KSI's fans building his ego, and KSI himself building their egos. No wonder he still has a God Complex.

(Note: I know that not every KSI fan is toxic, but so many of the ones we see on the Internet most certainly are, so this segment was dedicated to them)

Once again, I don’t see any possible excuse for this.

**So, why does no one call him out for any of this?**

Most popular YouTubers today are doing their own thing, which is perfectly fine-- even iDubbbz, who used to make ""Content Cop"" episodes (thinking about this thread, I wish those would return), and Ethan Klein is doing Content Nukes, but I don’t know if he cares enough to “Nuke” anyone he doesn’t have an internal hatred for, and news outlets don't care about anything more than extra clicks-- especially Keemstar, which is even worse when you realize that he is JJ's best friend. The point of this segment is that KSI has made friends with almost everyone— if not everyone— who could expose his true colours effective immediately, which creates one of two/three issues:

1. They don’t think it’s a big deal, so they don’t bother
2. What I like to call the “Keemstar effect”: they are afraid of speaking up or talking to him about it privately, because they know he and/or his fans could easily ruin their life by ranting about them on Twitter.
3. All of the above

I don’t care how popular he is; if he’s clearly on the verge of flexing on everyone again, you have no right to call that best mate material. No matter how much hate you get for speaking up, you’d be very much in the right if you did, because in Keemstar’s case, it never ends well.

“If they do all of what JJ does, they have no right to call him out for it.” Unless, of course, they used to do it, but not anymore because they grew out of it. But if they both still do it, they could get married someday and it will still end the same for JJ at a certain point.

**vs. RiceGum**

As most of you know, in May of 2020, some internet drama began between KSI and RiceGum. Two flex gods going at it.

Contrary to popular belief, it all started in one of JJ's videos from at least a month after v Logan 2, titled ""Laughing at the YouTubers who said Logan would win"", and when he got to the video's namesake, one piece of it showed RiceGum saying he thought Logan would win, and out of spite, KSI privated their diss track known as ""Earthquake"".

Months later, RiceGum was interviewed on Keemstar's channel, where he discussed everything that's happening between him and KSI. JJ's video on this situation covers it all so I don't have to, but most-- if not all-- of JJ's points from that same video can be neutralized easily by someone who does a few minutes of research. Observe:

1. ""If I'm petty because I unfollowed you on every social media platform, aren't you being petty because I didn't give you a free ticket? It's not like I was training every single day."" First off, training camps usually have a one-day break every week, so yes, he could've found the time. And second, here's an interesting fact: out of every US YouTuber who is friends with KSI, Keemstar was the *only* one who got a ticket from him, *and* an invitation to his after party. He could’ve gotten his manager to hand free tickets to friends so he didn't have to... but even if he was too busy and somehow didn't have Liam on speed dial, RiceGum said in the interview that Logan, despite being in his own training camp that was arguably more intense than JJ's, and knowing full well that Rice was on JJ's side, sent him a free ticket with no question asked. JJ either lied simply because he only wanted people who would gladly bend the knee for him, or only included the only American friend who doesn't do better than him at lyric writing.
2. ""The reason why I unfollowed you is because you've been dissing me. In your 'DaAdult' song, one of the lyrics is ""Where is it at? He say he poppin' but where's his plaques? Someone should tell him he trash."" a week after I released 'Poppin'', and you were saying on a podcast that your music is better than mine."" If there's anything KSI should know from being a part of the music industry, it's that songs don't just come out of the blue; they take time to write and mix. For all I know, that line was a happy accident, or it was targeted towards DaBaby, hence the title of 'DaAdult'. Second, even if RiceGum's music is also mediocre at best, he wasn't lying when he said that. For the most part, he doesn't rely on features or a high-budget music video to attempt to mask the song's mistakes. Even if he's got a lot of work to do, at least he's not trying to mask it. So yes, JJ is petty. I say ""is"" because it can be considered a staple of his personality since late 2017.
3. ""You say I didn't pay you for helping with Earthquake, but I did."" On one hand, this could be true, but on the other hand, it's hard to believe it when last year, he lied about Logan's team refusing to come to terms for the rematch, when Logan later revealed that it was the other way around. You know how I know he lied? Because when he saw Logan's video revealing it was a lie, he didn't attempt to defend it-- in fact, he outright cut that part out of his reaction to it-- and that can only mean one thing: he lied. So based on his track record, why shouldn't I believe he lied again in this moment?
4. In an attempt to prove RiceGum wrong when he said his music is better than JJ's, JJ ended up making yet another 20-minute long ego flex, with ads. Just saving you the time.

“This is all just one big misunderstanding.” JJ does this all the time. He knows he’s lying to his fans, and that they will believe anything he says simply because he’s *our beloved KSI*. This is not a misunderstanding; this is KSI realizing exactly how much he can take advantage of his followers.

I don't know how to feel about defending RiceGum due to his own track record, but I do not like to be biased, which is why I didn't click away when RiceGum opened his mouth, and after watching [his video on this situation](https://www.youtube.com/watch?v=uV_0DZQ3na8), I didn’t have to *try* to listen to him anymore; I was genuinely hooked. Not only did I indirectly predict most of his points (I added this “vs. RiceGum” segment on May 25th before the OG post was removed), but he backed up everything he said, and said hardly anything that was incorrect. Now that we’ve cleared everything up, let me get my point across one last time: RiceGum was right; KSI was trying to convince himself that he was right. You don't have to like it, but what you absolutely need do is accept the facts: RiceGum doesn’t owe JJ anything, and JJ owes him an apology.

**JJ pulls a Keemstar**

In this segment, we will cover an example of how JJ shares a select trait with Keemstar. In this case, it would be sensitivity. Keep this in mind going forward.

On May 20th, 2020, which is the same day I added this segment to this thread, JJ supposedly went after Logan out of nowhere on Twitter. Most people didn’t know what happened until they watched Logan’s latest podcast episode, where he [made a very controversial statement](https://m.youtube.com/watch?v=y--4R4crtqI). A few hours after that episode aired, JJ [made a response that cemented him as the UK’s Keemstar](https://twitter.com/KSIOlajidebt/status/1263019861258702853). Not only was it unnecessarily aggressive in comparison to Logan being cool and collected in that clip, but it’s also wrong on so many levels:

\-""Imagine buying merch from a loser"". First, at least Logan can sell it out in just a few hours, whereas JJ's clothing shop is all but dead right now, so he has no right to speak about it. Second, how is he a ""loser"" if he was doing better than JJ at that moment (more on that very soon)?

\-""You can't keep my name out of your mouth."" Anyone who follows JJ enough to know everything he's doing at any moment will notice the irony in this sentence immediately. It’s also why Logan made that statement in the first place.

\-""130M views on my second channel; 50M on my main (at the time), I'm not even counting Sidemen."" And Logan’s main channel was on 160M+ despite only uploading 3 videos per week. On top of that, even if his main channel had its own amount of views, it's still shameful that he has to rely on multiple channels to feel like he has everything, and even more shameful when you remember that at least a third of his active viewers zig-zag between both of his channels, meaning the 50M on his main might as well be 0M if he only had one active channel. Also, his contributions to the Sidemen videos are slim to none, so why the hell does he think that helps his case?

\-""I still win."" Wrong. Anyone who thinks about this can agree that he made himself lose the feud he created out of this-- especially by proving Logan right when he said JJ runs his mouth due to bitterness and envy.

**And the Pièce de Résistance**: in [KSI's ""responding to Jake and Logan Paul"" video](https://www.youtube.com/watch?v=oB7o2maRi_k), he responds to Jake's claims that JJ gets less views than him by saying he would have much more if he uploaded more often. But when that logic applies to someone else, like Logan, he throws that out the window because he just needs **everything!**

In this situation, KSI is almost exactly like [this annoying male Instagram model from Vidcon who was berating a security guard](https://m.youtube.com/watch?v=kQqY45_OvhA). The only real difference here is that in this situation, assuming JJ is the Insta model and Logan is the guard, to put it in simple terms: the favourite is the annoying Instagram model, not the security guard.

As much as I want to feel for when they made up on Instagram on May 22 of 2020, they supposedly did that after vs Logan 2, and during the countdown for Jake vs Gib, and look how that turned out: KSI still insults Logan at every opportunity, and goes on a Twitter rant the moment Logan speaks out about it.

I can't add much more to this post, so you can continue [here](https://www.reddit.com/r/unpopularopinion/comments/hhbii1/ksi_is_overrated_part_2/).",34341,8553
5,7quop2,"I can agree that the Holocaust was real (greatly overexagerrated though), but stories about evil Nazis fand such for example Nazis making soap out of dead Jews are not true at all. Also Hitler just wanted Europe, not the whole world and also wasn’t racist like many people think. 

And Heinrich Himmler did not commit suicide. He was beaten to death by a British murder squad at the end of the war. The reason he was assassinated was precisely to keep him away from the sham trials known as Nuremberg. Himmler could have brought much to light about the Allied propaganda and lies about German atrocities. Same with Rudolf Hess.

""Judea declares War on Germany."" - Daily Express (March 24, 1934)
""Kill the Germans, wherever you find them! Every German is our moral enemy. Have no mercy on women, children, or the aged! Kill every German -- wipe them out!"" - Ilya Ehrenburg, Glaser (p. 111)

""Germany is the enemy of Judaism and must be pursued with deadly hatred. The goal of Judaism of today is: a merciless campaign against all German peoples and the complete destruction of the nation. We demand a complete blockade of trade, the importation of raw materials stopped, and retaliation towards every German, woman and child."" - Jewish professor A. Kulischer (October, 1937).

""Our fight against Germany must be carried to the limit of what is possible. Israel has been attacked. Let us, therefore, defend Israel! Against the awakened Germany, we put an awakened Israel. And the world will defend us."" - Jewish author Pierre Creange in his book Epitres aux Juifs (1938)

""Germany must be turned into a waste land, as happened there during the 30-year War."" - Das Morgenthau-Tagebuch, The Morgenthau Dairy (p. 11)
""The fight against Germany has now been waged for months by every Jewish community, on every conference, in all labor unions and by every single Jew in the world. There are reasons for the assumption that our share in this fight is of general importance. We shall start a spiritual and material war of the whole world against Germany. Germany is striving to become once again a great nation, and to recover her lost territories as well as her colonies. But our Jewish interests call for the complete destruction of Germany..."" - Valadimir Jabotinsky, in Mascha Rjetsch (January, 1934)

""I hope every German west of the Rhine River and wherever we attack, will be destroyed."" - R.F. Keeling

Winston Churchill:  ""We will force this war upon Hitler, if he wants it or not."" - Winston Churchill (1936 broadcast)
""Germany becomes to powerful. We have to crush it."" - Winston Churchill (November 1936 to US-General Robert E. Wood)

""Germanys unforgivable crime before WW2 was its attempt to loosen its economy out of the world trade system and to build up an own exchange system from which the world-finance couldnt profit anymore. ...We butchered the wrong pig."" - Winston Churchill, The Second World War (Book by Winston Churchill

""Not the political doctrine of Hitler has hurled us into this war. The reason was the success of his increase in building a new economy. The roots of war were envy, greed and fear."" - Major General J.F.C. Fuller, historian, England

""We didn't go to war in 1939 to save Germany from Hitler...or the continent from fascism. Like in 1914 we went to war for the not lesser noble cause that we couldnt accept a German hegemony over Europe."" - Sunday Correspondent, London (17.9.1989)

""Now we have forced Hitler to war so he no longer can peacefully annihilate one piece of the Treaty of Versailles after the other."" - Lord Halifax, English embassador in Washington (1939)

""The enemy is the German Reich and not Nazism, and those who still havent understood this, havent understood anything."" - Churchills chief counselor Robert Lord Vansittart (September 1940 to foreign minister Lord Halifax)

""It will be the Polish army that will invade Germany on the first day of war."" - The Polish embassador in Paris (15.8.1939)

""I will crunch Germany."" - Roosevelt 1932(!)

""What we didn't want to comprehend in the German (anti-Hitler) resistance during war, we learned completely afterwards: this war wasnt led against Hitler but against Germany."" - Eugen Gerstenmaier, President of the German Bundestag since 1954, member of the resistance group ""Bekennende Kirche"" during WW2

""Hitler and the German people didn't want this war. We didn't answer Hitlers various petitions for peace. Now we have to admit that he was right. Instead of a cooperation with Germany, which he had offered us, now stands the gigantic, imperialistic might of the Sovjets. I feel ashamed to see how the same intentions which we accused Hitler of now are pursued under a different name."" - Sir Hartley Shawcross, British chief-accuser in Nuerenberg

""We made a monster, a devil out of Hitler. Therefore we couldnt disavow it after the war. After all, we mobilized the masses against the devil himself. So we were forced to play our part in this diabolic scenario after the war. In no way we could have pointed out to our people that the war only was an economic preventive measure."" - US foreign minister Baker (1992)

""Will there be room for [the German refugees, fleeing before the Red army] in what is left of Germany? We have killed six or seven million Germans and probably there will be an other million or so killed before the end of the war."" - Churchill, according to James F Byrnes' shorthand note of Plenary Session at Yalta, Feb. 7, 1945 (H S Truman Libr., Independence, Missouri).
""I do not understand the squeamishness about the use of gas. I am strongly in favour of using poisonous gas against uncivilised tribes."" - Churchill, writing as president of the Air Council (1919)

""It is alarming and nauseating to see Mr Gandhi, a seditious Middle Temple lawyer, now posing as a fakir of a type well known in the east, striding half naked up the steps of the viceregal palace, while he is still organising and conducting a campaign of civil disobedience, to parlay on equal terms with the representative of the Emperor-King."" - Churchill, commenting on Gandhi's meeting with the Viceroy of India (1931)

""(We must rally against) a poisoned Russia, an infected Russia of armed hordes not only smiting with bayonet and cannon, but accompanied and preceded by swarms of typhus-bearing vermin."" - Churchill, quoted in the Boston Review (April/May 2001)

""So far as Britain and Russia were concerned, how would it do for you to have 90% of Romania, for us to have 90% of the say in Greece, and go 50/50 about Yugoslavia?"" - Churchill, addressing Stalin in Moscow (October 1944)

""This movement among the Jews is not new. From the days of Spartacus-Weishaupt to those of Karl Marx, and down to Trotsky (Russia), Bela Kun (Hungary), Rosa Luxembourg (Germany), and Emma Goldman (United States)... this worldwide conspiracy for the overthrow of civilisation and for the reconstitution of society on the basis of arrested development, of envious malevolence, and impossible equality, has been steadily growing. It has been the mainspring of every subversive movement during the19 th century; and now at last this band of extraordinary personalities from the underworld of the great cities of Europe and America have gripped the Russian people by the hair of their heads and have become practically the undisputed masters of that enormous empire."" - Winston Churchill writing on 'Zionism versus Bolshevism' in the Illustrated Sunday Herald (February 1920)

""Kill, kill, you brave Red Army soldiers, kill. There is nothing in the Germans that is innocent. Obey the instructions of comrade Stalin and stamp the fascistic beast in its cave. Break with force the racial arrogance of the Germanic women. Take them as your legal loot. Kill, you brave soldiers of the Red Army, kill!"" - Ilya Ehrenburg Stalin's Jewish propagandist for genocide (Frankfurter Allgemeine Zeitung, Frankfurt, February 28, 1995 - page 7)

""There can be no doubt: National Socialism was part of a modernisation process in German society. It expedited the social changes in Germany. It transferred more to the underprivileged segments of society and brought equality and emancipation to women."" - Heinz Hoehne, Gebt mir vier Jahre Zeit [Give me four Years], Ullstein Publishing House, Berlin-Frankfurt 1996, p. 10)

""It is not the Germany of the first decade that followed the war - broken, dejected and bowed down with a sense of apprehension and impotence. It is now full of hope and confidence, and of a renewed sense of determination to lead its own life without interference from any influence outside its own frontiers. One man has accomplished this miracle. He is a born leader of men. A magnetic and dynamic personality with a single-minded purpose, a resolute will and a dauntless heart."" - David Lloyd George (Ex-Prime Minister, UK), in the Daily Express (Sep. 17, 1936)

""Without the holocaust we would not have a Jewish state."" - Robert B. Goldmann in the Frankfurter Allgemeine Zeitung (Dec. 19, 1997, p. 9)

Poland

""The minorities in Poland are supposed to disappear. The Polish policy makes sure that they dont only disappear on the paper. This policy is ruthlessly established and without any attention to the public opinion of the world, of international contracts or the League of Nations. The Ukraine turned to hell under Polish rule. One can say this about Belorussia with even more right. The purpose of the Polish policy is the disappearance of the national minorities on the paper and in reality."" - Manchester Guardian (14th December 1931)

""East Prussia is unquestionable German territory. Since my childhood this is my opinon which didn't need the affirmation by a plebiscite. And that this is my opinion you may tell your East Prussians in a public gathering in Knigsberg for reassurance."" - The president of the Polish state and Marshall Josef Pilsudski who mysteriously lost his life in the 1930s, to the German foreign minister Gustav Stresemann (10th December 1927)

""The Polish terror in the Ukraine today is worse than anything else in Europe. Ukraine became a country of desperation and destruction. The murderous deeds multiplied. The Germans have been tortured, mutilated, excruciated to death, their corpses were desecrated. Villages and palaces have been robbed, ignited, blown up. The depicted incidents in the official publication of the German government in 1921 exceed the worst actions one can imagine."" - Prof. Dr. Ren Martel in his book, Les frontires orientales de l`Allemagne (Paris 1930) about the Polish raids in Upper Silesia in 1921.

""We know that the war between Poland and Germany cant be prevented. We have to systematically and energetically prepare ourselves for this war. The present generation will see that a new victory at Grunwald will be written into historys pages. But we will battle out this Grunwald in the suburbs of Berlin. Our ideal is to chamfer Poland with borders along the Oder in the west and the Neie at Lausitz and to absorb Prussia from Pregel to the Spree. In this war no prisoners will be made, there will be no place for humanitarian feelings."" - The censored, and closely to the Polish military dictatorship related newspaper Mosarstwowiecz (1930), three years before Hitler came to power.

""We are ready to make a contract with the devil if he helps us fighting against Hitler. Listen: against Germany not only against Hitler. The German blood will be spilled in a future war in such streams like it wasnt seen since the beginning of the world."" - Warsaw newspaper Depesza (20 August 1939)

""We are ready for any war, even with the strongest opponent..."" - Polska Zbrojna (25. Mrz 1939), quoted in Walendy, Historische Tatsachen, a.a.O. (Heft 39, S. 16)

""Poland wants war with Germany and Germany will not be able to avoid it, even if it wants to."" - Rydz-Smigly, Chief inspector of the Polish army in a public speech in front of Polish officiers (Summer 1939)

Britain/Churchill:

""The Air Ministry agreed that it was most useful to be able to use gas on less sophisticated enemies who would have no idea from where the danger they faced came. The use of gas was banned by the 1925 Geneva protocol."" - The Daily Telegraph (January 3, 1997)

""Perhaps the next time round the way to do it will be to kill women, children and the civilian population."" - Churchill, quoted during the First World War

""Previously it appeared to me to be a just answer to the crimes of the Third Reich, but I've since changed my mind. Until the Second World War there was a common consensus that the massacre of civilian populations was illegal."" - Jrg Friedrich, historian

""I am, of course, a Zionist, and have been ever since the Balfour Declaration."" - Churchill quoted in The Official Churchill in One Volume, N.Y. Times (Nov. 6, 1991) by Herbert Mitgang

Eisenhower on German war prisoners:  ""God, I hate the Germans..."" - Ike The Kike Dwight David Eisenhower in a letter to his wife (September, 1944)
""Prison enclosures are to provide no shelter or other comforts."" - Ike The Kike Dwight David Eisenhower

""Under no circumstances may food supplies be assembled among the local inhabitants in order to deliver them to prisoners of war. Those who violate this command and nevertheless try to circumvent this blockade to allow something to come to the prisoners place themselves in danger of being shot.""- Dwight David Eisenhower

""For years we have blamed the 1.7 million missing German POW's on the Russians. Until now, no one dug too deeply ... Witnesses and survivors have been interviewed by the author; one Allied officer compared the American camps to Buchenwald."" - Peter Worthington, Ottawa Sun (September 12, 1989)

""Starting in April 1945, the United States Army and the French Army casually annihilated one million [German] men, most of them in American camps . . . Eisenhower's hatred, passed through the lens of a compliant military bureaucracy, produced the horror of death camps unequalled by anything in American history . . . an enormous war crime."" - Col. Ernest F. Fisher, PhD Lt., 101 st Airborne Division, Senior Historian, United States Army

""My protests (regarding treatment of the German DEF'S) were met with hostility or indifference, and when I threw our ample rations to them over the barbed wire. I was threatened, making it clear that it was our deliberate policy not to adequately feed them."" - Martin Brech, ex-Private First Class, in Company C of the 14th Infantry, assigned as a guard and interpreter at the Eisenhower Death Camp at Andernach, along the Rhine River

""When they caught me throwing C- Rations over the fence, they threatened me with imprisonment. One Captain told me that he would shoot me if he saw me again tossing food to the Germans ... Some of the men were really only boys13 years of age...Some of the prisoners were old men drafted by Hitler in his last ditch stand ... I understand that average weight of the prisoners at Andernach was 90 pounds...I have received threats ... Nevertheless, this...has liberated me, for I may now be heard when I relate the horrible atrocity I witnessed as a prison guard for one of 'Ike's death camps' along the Rhine.""

""At first, the women from the nearby town brought food into the camp. The American soldiers took everything away from the women, threw it in a heap and poured gasoline over it and burned it."" - Former camp prisoner.
""Many a sane American family would recoil in horror if they knew how 'Our Boys' conduct themselves, with such complete callousness in human relationships over here."" - A serviceman, the TIME Magazine (November 12, 1945)

""Starting in April 1945, the United States Army and the French Army casually annihilated one million [German] men, most of them in American camps . . . Eisenhower's hatred, passed through the lens of a compliant military bureaucracy, produced the horror of death camps unequaled by anything in American history . . . an enormous war crime."" - Col. Ernest F. Fisher, PhD Lt. 101st Airborne Division, Senior Historian, United States Army.The Morgenthau Plan:

""I further urged the point that by taking south-western Germany we were in a more congenial part of Germany and further away from the dirty work that the Russians might be doing with the Prussians in Eastern Germany. I was inclined to think that I had made an impression on him, but it was impossible to say. I either then or in my former meeting pressed on him the importance of not partitioning Germany other than the allotment of East Prussia to Russia or Poland, and Alsace Lorraine to France and a possible allotment of Silesia to Poland, namely trimming the outer edges of Germany. Other than those allotments I feared that a division of Germany and a policy which would prevent her from being industrialised would starve her excess population of 30 million people, giving again my description of how she had grown during the period between 1870 and 1914 by virtue of her industrialisation..."" - Diary of Henry Stimmson, (August 25, 1944)
""Germany must be turned into a waste land, as happened there during the 30-year War."" - Das Morgenthau-Tagebuch, The Morgenthau Dairy (p. 11)

""The Morgenthau Plan for Germany ... became part of the Potsdam Agreement, a solemn declaration of policy and undertaking for action ... signed by the United States of America, Great Britain and the Union of Soviet Socialist Republics."" - New York Post (Nov. 24, 1947)

Allied war crimes:

 
""At the edge of town, on the left side of the road, stands the large inn 'Weisser Krug' ... In the farmyard further down the road stood a cart, to which four naked women were nailed through their hands in a cruciform position. Behind the Weisser Krug towards Gumbinnen is a square with a monument to the Unknown Soldier. Beyond is another large inn, 'Roter Krug'. Near it, parallel to the road, stood a barn and to each of its two doors a naked woman was nailed through the hands, in a crucified posture. In the dwellings, we found a total of seventy-two women, including children, and one old man, 74, all dead ... all murdered in a bestial manner, except only for a few who had bullet holes in their necks. Some babies had their heads bashed in. In one room we found a woman, 84 years old, sitting on a sofa ... half of whose head had been sheared off with an axe or a spade ... We carried the corpses to the village cemetary where they lay to await a foreign medical commission ... In the meantime, a nurse from Insterburg came, a native of Nemmersdorf, who looked for her parents. Among the corpses were her mother, 72, and her father, 74, the only man among the dead. She also established that all the dead were Nemmersdorfers. On the fourth day the bodies were buried in two graves. Only on the following day did the medical commission arrive, and the tombs had to be reopened. Barn doors were set on blocks on which to lay the bodies so that the commission could examine them. This foreign commission unanimously established that all the women, as well as the girls from eight to twelve years and even the woman of 84 years had been raped. After the examination by the commission, the bodies were again buried."" - Karl Potrek's report, a civilian from the capital city of Knigsberg, recruited into the Volksturm.
""They were all exhausted and starved and miserable ... A child only half alive ... A woman in the most terrible picture of despair I've seen ... Even when you see it, it's impossible to believe ... God it was terrible."" - Robert Allen, Letter from Berlin, Reading magazine (February, 1946)

""When we reached Metgethen, we were confronted with a gruesome sight: We found several hundred dead German soldiers, many of whom had been disfigured beyond recognition. There were murdered civilians in just about every home, likewise disfigured in a most bestial manner. For example, some women had their breasts cut off, and in backyard gardens we found scarcely clad women who had been hanged upside down. In one house we came across a 63-year-old woman still alive. Crying, she told us that she had been raped by 12 to 15 Russians. She lay on the floor covered in blood. This old woman's daughter had escaped into the forest nearby, but her one-year-old child was abducted by the Russians. In the streets of Metgethen, and also at the railroad station, we found approximately15 baby carriages, some overturned, all empty. We concluded that this meant the Russians had also abducted these babies."" - Horst A., at the time a driver for the Intelligence Reserve Detachment I, Knigsberg.

Jews:

""Its our task to mercilessly declare war to Germany, the public enemy number one."" - Bernhard Lecache, President of the Jewish World League (9. November 1938)
""Our Jewish interests demand the final destruction of Germany."" - W. Jabotinski, founder of ""Irgun Zwai Leumi"" (January 1934)

""Hitler doesnt want war but he will be forced to it, and in fact soon. England has the final say like in 1914."" - Zionist Emil Ludwig Cohn ""Annalen""

""Although Hitler may want to prevent this war, which can devour him, in the last moment, he will be forced to war anyway."" - Emil Ludwig Cohn (1938)

""I asked Joe Kennedy (US embassador in London) about his talks with Roosevelt and N. Chamberlain in 1938. He said it had been Chamberlains belief in 1939 that Great Britain has nothing in its hands to fight and therefore wouldnt dare to go to war against Hitler...Neither the French nor the English would have made Poland a motive for war if they hadnt been continuously spurred on by Washington...America and the World-Jewry have driven England to war."" - US defence minister J. Forrestal 27.12.1945 in his diary (The Forrestal Diaries, New York, 1951, S. 121 ff)

""We managed to drag the United States into the First World War and if they (the US) do what we demand in regards to Palestine and the Jewish armed forces, then we can get the Jews in the USA to drag the United States into this one (the Second World War) too."" - Weizmann to Chuchill (September 1941)

""We won this war with atrocity propaganda...and now we will start more than ever! We will continue this atrocity propaganda, we will increase it until nobody will accept one good word from the Germans anymore, until everything is destroyed which might have upheld them sympathies in other countries, and until they will be so confused that they dont know what to do anymore. When this is reached, when they begin to pollute their own nest, and this not reluctantly but with hasty willingness to obey the winners, only then the victory is complete. It will never be definite. The reeducation demands thorough, steadfast nurture like English lawn. Only one moment of inattention and the weed will break through, this ineradicable weed of historic truth."" - Sefton Delmer, former British chief propagandist after the capitulation in 1945 to the German expert on international law Prof. Grimm.

""When the National Socialists and their friends cry or whisper that this [the war] is brought about by Jews, they are perfectly right."" - The Jewish magazine Sentinel of Chicago (8 October 1940)

""For months now the struggle against Germany is waged by each Jewish community at each conference in all our syndicates and by each Jew all over the world. There is reason to believe that our part in this struggle has general value. We will start a spiritual and material war of all the world against Germany's ambitions to become once again a great nation, to recover lost territories and colonies. But our Jewish interests demand Germany's total destruction, collectively and individually. The German nation is a threat to us Jews."" - Vladimir Jabotinsky, founder of the Irgun Zvai Leumi terrorist organisation, Mascha Rjetach(January 1934)

""Even if Hitler at the last moment would want to avoid war which would destroy him he will, in spite of his wishes, be compelled to wage war."" - Emil Ludwig Cohen in his book The New Holy Alliance( Strasburg, 1938)

""It is our task to organise the moral and cultural blockade of Germany and disperse this nation. It is up to us to start a merciless war."" - Bernard Lechache in The Right to Live (December 1938)

""The millions of Jews living in America, England, France, North Africa and South, not forgetting Palestine, have decided to carry on the war in Germany to the very end. It is to be a war of extermination."" - 'The Jewish newspaper Central Blad Voor Israeliten in Nederlands (13 September 1939)

""It was the World Jewish Congress that saw to it that the Nuremberg Trials were held, for which it supplied experienced advice and most valuable evidence - and it was the World Jewish Congress that had such far-reaching connections during the war that these extended even into the German Foreign Office, and that it received information even long before the British Secret Service received it."" - Maurice Perlzweig, Chief of the British Section of the World Jewish Congress, said in an address in Langside Hall in London on November 27, 1949, Jewish Chronicle, London (December 16, 1949. Quoted in: UN, 8/83 p. 4.)
""The Jewish World Congress has been at perpetual war with Germany for seven years."" - Maurice Perlzweig, Chief of the British Section of the World Jewish CongressFebruary 26, 1940, in an address according to the Toronto Evening Telegram, quoted by Dr. Hans Riegelmann in: UN, 8/83, p. 4.

""The Israeli people around the world declare economic and financial war against Germany. Fourteen million Jews stand together as one man, to declare war against Germany. The Jewish wholesaler will forsake his firm, the banker his stock exchange, the merchant his commerce and the pauper his pitiful shed in order to join together in a holy war against Hitler's people."" - Daily Express (March 24, 1933)

""Each of you, Jew and Gentile alike, who has not already enlisted in this sacred war should do so now and here. It is not sufficient that you should buy no goods made in Germany. You must refuse to deal with any merchant or shopkeeper who sells any German-made goods or who patronises German ships or shipping.... we will undermine the Hitler regime and bring the German people to their senses by destroying their export trade on which their very existence depends."" - Samuel Undermeyer, in a Radio Broadcast on WABC, New York (August 6, 1933, reported in the New York Times, August 7, 1933)

""Joining with Samuel Untermeyer in calling for a war against Germany, Bernard Baruch, at the same time, was promoting preparations for war against Germany. 'I emphasised that the defeat of Germany and Japan and their elimination from world trade would give Britain a tremendous opportunity to swell her foreign commerce in both volume and profit.'"" - Baruch, The Public Years, by Bernard M. Baruch (p.347)

[Samuel Untermeyer was a Jewish leader and close friend of presidents Wilson and Roosevelt.

Bernard Baruch was a presidential adviser to Wilson, Roosevelt and Truman.]
 
""This declaration called the war against Germany, which was now determined on, a 'holy war'. This war was to be carried out against Germany to its conclusion, to her destruction"". - Dr. Franz J. Scheidl, Geschichte der Verfemung Deutschlands
""War in Europe in 1934 was inevitable."" - H. Morgenthau, Secretary of the U.S. Treasury, Hearst Press, September, 1933 (also quoted in The Palestine Plot by B. Jenson, p. 11).

 
""For months now the struggle against Germany is waged by each Jewish community, at each conference, in all our syndicates, and by each Jew all over the world. There is reason to believe that our part in this struggle has general value. We will trigger a spiritual and material war of all the world against Germany's ambitions to become once again a great nation, to recover lost territories and colonies. But our Jewish interests demand the complete destruction of Germany. Collectively and individually, the German nation is a threat to us Jews."" - Vladimir Jabotinsky (founder of the Jewish terrorist group, Irgun Zvai Leumi) in Mascha Rjetsch, January, 1934 (also quoted in Histoire de l'Arme Allemande by Jacques Benoist-Mechin, Vol. IV, p. 303).
""Hitler will have no war (does not want war), but we will force it on him, not this year, but soon."" - Emil Ludwig Cohn in Les Annales, June, 1934 (also quoted in his book The New Holy Alliance).

""We Jews are going to bring a war on Germany."" - David A. Brown, National Chairman, United Jewish Campaign, 1934 (quoted in I Testify Against The Jews by Robert Edward Edmondson, page 188 and The Jewish War of Survival by Arnold Leese, page 52)

""We want to bring about a deep hatred for the Germans, for German soldiers, sailors, and airmen. We must hate until we win."" - Lord Beaverbrook, quoted in Niemals! by Heinrich Goitsch.

""There is only one power which really counts. The power of political pressure. We Jews are the most powerful people on earth, because we have this power, and we know how to apply it."" - Vladimir Jabotinsky in Jewish Daily Bulletin (July 27, 1935)

""Before the end of the year, an economic bloc of England, Russia, France and the U.S.A will be formed to bring the German and Italian economic systems to their knees."" - Paul Dreyfus, La Vie de Tanger (May 15, 1938)

""On the 3rd of June, 1938, the American Hebrew boasted that they had Jews in the foremost positions of influence in Britain, Russia and France, and that these ""three sons of Israel will be sending the Nazi dictator to hell."" - Joseph Trimble, The American Hebrew.

""Germany is our public enemy number one. It is our object to declare war without mercy against her. One may be sure of this: We will lead that war!"" - Bernard Lecache, the president of the ""International League Against Racism and Anti-Semitism,"" in its newspaper Droit de Vivre (Right to Life) (9 November, 1938)

""The war now proposed is for the purpose of establishing Jewish hegemony throughout the world."" - Brigadier General George Van Horn Mosely, The New York Tribune (March 29, 1939)

""I wish to confirm in the most explicit manner, the declaration which I and my colleagues made during the last months, and especially in the last week: that the Jews ""stand by Great Britain and will fight on the side of the democracies."" Our urgent desire is to give effect to these declarations. We wish to do so in a way entirely consonant with the general scheme of British action, and therefore would place ourselves, in matters big and small, under the co-ordinating direction of His Majesty's Government. The Jewish Agency is ready to enter into immediate arrangements for utilizing Jewish manpower, technical ability, resources, etc."" - Chaim Weizmann, President of the World Jewish Congress, Head of the Jewish Agency and later President of Israel, the London Times, September 5, 1939, and the London Jewish Chronicle, September 8, 1939.

""The millions of Jews who live in America, England and France, North and South Africa, and, not to forget those in Palestine, are determined to bring the war of annihilation against Germany to its final end."" - Central Blad Voor Israeliten in Nederland (September 13, 1939)

""Stop talking about peace conditions! Break Germany in pieces!"" - The Daily Herald, No.7426 (9 December, 1939)

""The Jews, taken collectively, view this war as a holy war."" - The Daily Herald, No.7450, 1939, quoted in Reichstagsbrand, Au**lrung einer historischen Legende, by U. Backes, K.H.Janen, E.Jesse, H.Khler, H.Mommsen, E.Tobias.

""Even if we Jews are not physically at your side in the trenches, we are morally with you. This war is our war and you fight it with us."" - Schalom Asch, Les Nouvelles Litteraires (February 10, 1940)

""In losing Germany, Jewry lost a territory from which it exerted power. Therefore it was determined to reconquer it."" - Louis Marschalko, The World Conquerors : The Real War Criminals

""The World Jewish Congress has been at war with Germany for seven years."" - Rabbi M. Perlzweig (head of the British Section of the World Jewish Congress), Toronto Evening Telegram (February 26, 1940)

""The Second World War is being fought for the defense of the fundamentals of Judaism."" - Rabbi Felix Mendlesohn, Chicago Sentinel (October 8, 1942)

""We are not denying and are not afraid to confess that this war is our war and that it is waged for the liberation of Jewry... Stronger than all fronts together is our front, that of Jewry. We are not only giving this war our financial support on which the entire war production is based, we are not only providing our full propaganda power which is the moral energy that keeps this war going. The guarantee of victory is predominantly based on weakening the enemy forces, on destroying them in their own country, within the resistance. And we are the Trojan horses in the enemy's fortress. Thousands of Jews living in Europe constitute the principal factor in the destruction of our enemy. There, our front is a fact and the most valuable aid for victory."" - Chaim Weizmann, President of the World Jewish Congress, Head of the Jewish Agency and later President of Israel, in a Speech on December3, 1942, in New York.

""It is untrue that I or anyone else in Germany wanted war in 1939. It was wanted and provoked solely by international statesmen either of Jewish origin or working for Jewish interests. Nor had I ever wished that after the appalling first World War, there would ever be a second against either England or America."" - Adolf Hitler (April 1945)

""Played golf with Joe Kennedy (U.S. Ambassador to Britain). He says that Chamberlain stated that America and world Jewry forced England into World War II."" - James Forrestal, Secretary of the Navy (later Secretary of Defense), Diary, December 27, 1945 entry.",33650,7678
6,ql6jz0,"***""Too often, we judge other groups by their worst examples while judging ourselves by our best intentions.""*** 

I believe it is a *popular opinion* that background checks are a great source of accurate information about someone and **I couldn't disagree more.** I believe background checks are used to wrongfully discriminate against qualified candidates. As someone who knows what it is like to be judged on inaccurate information and have great opportunities ripped away time and time again, I would love to share my opinions on this. I would love to:

\- change the perspective the average person has towards someone with a record

\- Truly seal court documents &amp; criminal records making them very difficult to attain with exceptions for very specific situations. 

\- Change the common hiring practices associated with background checks. I believe that this could make a significant positive economic impact that reaches the likes of millions or at least hundreds of thousands of people over the course of the years to come. 

*-TLDR section is at the bottom-*

***I believe***:

1. Every business/employer has a *right to protect itself and the people* at that workplace.
   1. I understand the concern people have however, many times there is no need for there to be a concern in the first place. The problem is the fact that most employers never provide the candidate with a fair opportunity to defend themselves. You have the right to defend yourself in this country but you are not given that opportunity during the hiring process. I have experienced it first hand many times. What if this person turns out to be a great employee who brings a lot of value to the business? That thought never crosses into their heads because background checks only reveal negative information about people and usually permanently alter how someone perceives you.
   2. This is about employers making a decision based on one-sided, *discriminatory* information that only makes the employer assume that the candidate *may* do something bad. That is the same thing as looking at a different record and assuming that person will perform certain actions in a manner that you would perceive in a positive light. The difference is that the other record is usually discussed heavily and the candidate is allowed to answer questions about it with the possibility of a decision being made based on those answers in the interview. That record is called the resume. How is that different? The resume only shows one-sided positive information rather than one-sided negative information. Why should you be afforded the opportunity to discuss one but not the other without the same possible outcome? In *my opinion* even if you were allowed to discuss your record and the law did make this part of the hiring process, I do not believe that it would help much. Companies would still most likely choose someone else based on your record and it would be extremely hard to prove that in court. I feel like that is common sense. Seal the records. Prevent companies from conducting background checks or using loopholes where they basically provide the candidate with the option to authorize a background check to be run and if the candidate does not allow for it, they cannot be hired or proceed with the process. Again, personal experience coming through. If you do not authorize the release or processing of a background check, you won't get hired, in most cases.
   3.  I'm talking about the removal of an opportunity altogether. You are assuming someone will do something based on a trend. How is that different from this *example*: Many women get pregnant so is it safe to assume Jill, who is a woman, will become pregnant? Jill had one kid, what's to say Jill won't have another kid? We cannot have Jill out of work for extended periods of time. If she's going to keep having kids we may as well hire someone else. Jill being a woman is not a factor that will indicate how well Jill will perform the essential duties of her job and neither is a criminal record. *Just as you cannot discriminate against sex, race, and gender, you should not be able to do the same when it comes to criminal records*.
2. *""Correlation does not prove causation""* a saying that is commonly used in statistics but rarely in law. Prosecutors want you to believe the exact opposite. They want you to believe that the easy, most common-sense answer/explanation is the only possible/correct answer and you must choose that one. In reality, many cases are not so black and white. Regardless of the level of wrongdoing a background check still does not indicate whether or not a person can do good or be good from there on out. So what if there was a trend? What if that trend is broken? What if there is no trend but rather a single incident/mark on the record? Why does the ""what if"" on one side carry more weight than the ""what if"" on the other side? I'll tell you why. Sadly, it's because the employers hold all the power in these situations.
   1. the only time an issue can truly be challenged in a court of law are in usually in cases of wage theft and sex, race or gender and it is *my opinion* that background checks should be part of that list of things you can challenge. (obviously there are more but those are just some examples of common categories)
3. If a person does something wrong in the workplace, or breaks the law, there are procedures in place to handle such situations. To completely revoke the offer of employment based on material that is in no way, shape, or form related to the position is unjust and a form of wrongful discrimination. Even if it is related to the business and it happened in the past to someone else at a different company, not to you, that person isn't guaranteed to break the law again.  *Example:* Someone works at a store and steals some merchandise. 3 years later this person hasn't put a toe out of line because a hard lesson was learned. That person may still be a wonderful employee at another business but do you think they have a professional recommendation from whoever owned that previous business? Absolutely not. Why should that person have to pay for that for a minimum of 5 years or the rest of their life? They shouldn't, in my opinion.
4. If hiring someone with a record is ""against your policy"", that shows ignorance, a blatant lack of understanding, and lack of sympathy. These are candidates who are already being considered for the position because they meet the desired experience, educational, and technical qualifications. I'm not talking about someone who is noticeably under qualified and just wants sympathy. If you're not qualified, you're not qualified. I believe this borders on legal action needing to be taken against the companies that have these policies. You are wrongfully gatekeeping qualified individuals from contributing to society, in that form. Of course you can make the argument they can contribute to society by trying to find a minimum wage job but if that's your stance why does everybody do the same? Shouldn't we all just shoot for the easiest, bottom of the barrel position? Should nobody be allowed to challenge themselves and work towards something else they really enjoy? It is just as wrong as denying a person a position because of the color of their skin. You might as well say to their face ""We do not trust you. We think you will do it again. We don't want to put our employees in danger. You are a risk to our reputation."" All of those things are ignorant and short sided. 
5. Many employers ask for professional recommendations during the hiring processes as it is. If you want to learn about the character of your candidate ask those references. You're not allowed to ask a candidate to release medical records. ""Well aren't professional recommendations usually bias/one-sided and those people will only endorse the candidate in a positive way?"" Yes. That is the entire purpose of professional recommendations. For someone else to provide reasons why the candidate is good/trustworthy, professional, qualified, etc. I still believe that being able to see and discuss a criminal record would almost always result in a negative outcome for the candidate. While it may sound fair to be allowed to talk about each one-sided document(s), resume and background check, people treat those who have anything on their record with harsh prejudice, usually.
6. That assuming every single person who has something on their record is a bad, dangerous, untrustworthy, unprofessional person or that they are likely to commit a crime again, is unfair/unjust.
   1. Not every person is a repeat offender and I know that there are plenty of people who are repeat offenders. To act on such knowledge by denying qualified people the chance at fair employment opportunities is to treat them as guilty after they have fully paid for their crime(s) (or paid for crime(s) they didn't commit but were wrongly accused and found guilty), is unjust. They are *always* innocent until proven guilty but companies' actions are the exact opposite. You are guilty before you've even done something wrong. Guilty of doing something wrong without even getting the chance to do something right. The candidate has not wronged you or your business and they might never. This is the center of my opinion. To act on the assumption in this negative way. *Once again the person is still paying the price long after the process is complete.*
7. Using a statistic to define every single person is unfair.
   1. There are so many stories of people who spent time in jail/prison only to come out and lead healthy lives afterwards. There are stories of these people being great employees.
   2. This is to address the argument ""if you didn't do anything wrong, why do you have a record?"" The average person does not have a full understanding of ***how the legal process actually works***. Here are a few variables that can impact your case and this is by no means all of them.:
      1. ***The burden of proof.*** (who has it, what that means) Example: if the burden of proof is on the prosecution, they need to prove you are guilty rather than you needing to prove you are not guilty. (in the U.S. you are innocent until proven guilty but there are many people who are treated as guilty until they are proven innocent) The prosecution is provided with more opportunities to address the jury. In closing arguments, the prosecutor goes first, the defense goes only once and goes second, the prosecutor is then allowed to go again. This is a huge advantage for the prosecution being afforded the opportunity to counter against what the defense can only say once.
      2. What information/evidence can and cannot be admitted/said
      3. Witnesses (standard and experts (scientists, analysts etc.,))
      4. Trial by Jury vs Trial by Judge
      5. does the judge like the accused? their legal team? Most judge's have reputations and seasoned lawyers may be aware of how certain judges tend to handle certain types of cases. Did you get a judge who tends to rule more lightly or more harshly on the case? Yes judges are supposed to be impartial but in reality not all are 100% impartial.
      6. How the jury with think. Does the jury strongly dislike the person being accused (during the selection process people are told to leave if they will be biased but that does not stop people from staying in the selection) Does the jury focus on something that is less important or different than what the defense or prosecution is trying to get them to focus on? Is the jury tired and ready to go home because they've been on the case for a long time and it is Friday afternoon? Yes? Maybe they come to a decision so they don't have to return to court. After all, you're not allowed on the jury if you know anybody involved in the case so the jurors don't care about the defense or the prosecution.
      7. ***The prosecution:*** Is the prosecution interested in the truth, or interested in winning/putting the accused in jail/prison. A prosecutor with a high conviction rate must be great at their job, right? 
8. in second chances
9. in the right to work
10. Many people are falsely accused and wrongfully imprisoned
   1. You will always have people that say ""everybody says they didn't do it"". That is not true. You have many people who DO admit that they did in fact commit the crime(s).
   2. Inability to have your record expunged
11. hiring the most qualified candidate for the job
12. that MOST people are good/the average person/neighbor is good
13. some people are bad. So bad that they have a rap sheet (a long criminal record) because they just cannot help but commit crimes. These people should be locked up and need to receive a lot of mental help
14. Personal privacy 
   1. Medical records are private, criminal records should also be private. Just like an employer isn't allowed to know if you have certain medical issues or surgeries (the ones you are legally not required to disclose on the disability form during the application process) they are nobody's business but those involved in the situation/case/court proceedings. Employers have no right to ask for the release of such records as they do not provide an accurate representation of who someone is in many cases. Criminal records do not tell an employer how well someone will do the job but obviously employers feel that those criminal records will provide some strong insight into a who a person is. I strongly disagree with that view in many cases. Not all but many. 
   2. Many employers and recruiters ask potential candidates for a list of professional, non-family, recommendations. If multiple different people provide you with a picture of who that person is, and you have interviewed the candidate, that is the information you may use in your decision about their character. If you can see someone's social media profile easily, go for it.
15. Your personal time out of work/off the clock/out of the office/workplace is YOUR time
   1. Are there some instances where you are the face of the business and what you do can have a dramatic impact on the/your business, of course. Does that apply to all jobs in the country? No. Should you still try to be a good person? Does a bear shit in the woods?
   2. Are there jobs that require you to obtain and/or maintain certifications/extra education? YES lots. You have to spend your free time out of work studying and that's how it is if you want to get ahead and have those jobs.
   3. If what you're doing in your personal life comes into and negatively affects the workplace the employer has a right to address this with the employee. Employees should not be drunk at work, for example. 
16. It is extremely rare to find a job where you will be afforded the opportunity to address any concerns about your past in an environment where the employer is willing to listen with the intent of making a decision based on what you say. ""Wow this person really IS a good person, I'm going to offer them the job now that I've hard their side."" (Yeah right!) Typically, the employer will have already made the decision, usually referring to the hiring policies enforced by the compliance department and is only listening to you defend yourself out of courtesy. Ultimately, this person/these people will not overturn the decision to revoke your offer of employment and I believe that is very wrong. That is unjust.
17. there may be cases made whereby certain positions/jobs should allow for background checks to be conducted. 
18. the average entry level job (no security clearance required) should not be conducting criminal background checks, or credit checks in order to hire a candidate for a position.

Here's my opinion on why

Basically, you have a lot of individuals who are still being punished for something they have already paid the price for and in some cases paid the price for something they did not do and were failed by the justice system. Fines, jail time, loss of job, loss of income, reputational damage, loss of home, inability to rent an apartment because you're a felon, inability to vote for the rest of your life because you're a felon, being on a registry, etc. 

People want to work, they want to be treated fairly, and they want to be treated fairly in the workplace without having a mistake from the past be constantly held against them. They do not want employers paying them less or offering fewer/worse benefits because of their past. Let these people contribute to society because I assure you, they desperately want to make great lives for themselves. Many of these people are educated, intelligent individuals you would never expect to have a record and are regular people who never have a run in with the law again. I understand that people need to bring value to the business so that business may profit. If a candidate isn't qualified or you have serious concerns about whether this person will be able to bring profit to the business, than hire the other person who seems more qualified. I am not saying everybody is entitled to just get whatever job they want. We live in a capitalistic society where competition generally results in better products/services for the consumer. I say that because you shouldn't just give a job to someone because they want it. You should give it to them because they rightfully earned it and are qualified regardless of what happened years ago in their past.

Misdemeanor, felony, doesn't matter, employers want a spotless record and if you don't have it, it doesn't matter how qualified or educated you are, you aren't going to get the job. Despite having professional references, even from a current employer, you still won't get the job because of your record. Would you like to defend yourself and explain your side of things? Great! It helps to be prepared but you'll never overturn their decision. Here's why.

Our society treats people, even those with a misdemeanor or even a few misdemeanors, as untouchables in a caste system, usually. Rarely do you get to speak to the person who can make the decision or the person who wrote the policies or enforces the policies. I also guarantee that many of the people who work in HR, compliance, the managers, anybody enforcing a policy, anybody in the hiring process at a company (specially people who aren't specifically recruiters) have absolutely no idea what the justice system is actually like and how bad it can be. Even the attorneys who work for corporations are not the same as the criminal defense attorneys who are constantly in court defending clients. 

***( I want to take this time to advise every single person who reads this to never ever under any circumstances use legal council offered by the Human Resource department at the company you work for, or have a case with/against. Even if it's your best friend who is an attorney working for the same company, hire your own council to avoid conflicts of interest and do it asap! Why? They may ask for documentation related to your case that your legal council wants to use in your defense and that company is only interested in defending itself FROM you. They may ask you to make a statement about the case. I guarantee their priority is protecting the company. The lawyers that work for your company are not there to protect you. Hire your own lawyer(s)).*** While they may have a focus in some aspect of corporate law they are not in the courthouse defending the average person for common crimes day in and day out. They are out of touch with this area. Typically the more prestigious a company is the more delirious are those who make the decisions in this area. Also, why should any of those people stick their necks out for someone they don't care about? They don't know you. They want to make sure they don't hire someone who could negatively impact a business' reputation or run the risk of being a danger to the other employees. Society can be ruthless. You're never given the chance again.

Rather than provide the candidate with an opportunity, they tell themselves they are taking the safe route and removing all possibilities of hiring someone who may be a problem down the road. Protecting the culture, reputation and more importantly, the employees because you did not hire that person who has a misdemeanor from years ago. Better go tell your manager how you skillfully and delicately selected the best candidate available while preventing a toxic, dangerous person from being hired! Let's be honest, these people want to take the path of least resistance by doing what they are told. They don't want to challenge things and risk losing their jobs. More often than not, these candidates would have never presented any more of a risk to your business than hiring someone with a clean, spotless record. These people want to move on with their lives and return to the professional setting they were once in, or change career paths/start a new a career. These people want to get married, have kids, and live their lives but it becomes especially difficult when you struggle to provide for yourself financially. 

You have so many people in this country who have made mistakes but our society generally never lets these people forget those mistakes. Society makes it especially hard for felons to move on and create better lives for themselves. Society does not truly allow these people a second chance. They make it so hard for someone to move on with their lives because every single time they try to apply for a halfway decent position, one which they are qualified for, *a background check is run (usually for the past 5 years and it can be extended)* and if anything shows up, they choose the other candidate. 

***I strongly believe that whether or not you commit a crime that it should not become public knowledge, except in certain circumstances. Regardless of the amount of wrongdoing, if there was any to begin with, your criminal record should never be accessible to the general public, nor should you be able to pay a private company to conduct a background check on someone (in most cases).*** Companies should not be able to basically say, or as a result of their actions, revoke the offer of employment if you do not do/authorize the background check. We all know companies are clever with their wording but let's be honest, if you don't let them run the background check, you're not getting the job. They do not always tell you but you may find out the hard way. They will ask you to authorize a company (3rd party service if they don't have you get the records yourself or if they don't do it themselves) to conduct a background check. There are more businesses than you can count that provide background check services and they all pride themselves on the ability to reveal more information about a person than their competitor background check service. Even if you have a clean record this is scary stuff. Basically, if someone REALLY wants to get information on you, eventually they will.

*Once the legal process as been completed, case dismissed, verdict rendered, sentence served, etc., that information should be sealed*. (That information can be and is, in some cases, sealed to a certain degree but not completely as background check services may ask you where you ever been arrested in, charged and/or tried in. There are ways/loopholes around it) The main reason why people try to get their records expunged is because of how society, especially employers, treats criminals, even those who have been accused of a crime and later found not guilty or verdict drastically reduced. You cannot have something expunged if there was any finding of guilt. You can only have your record expunged if you were found not guilty and even then I may be incorrect. If you are accused of a crime people generally think you did it or you at least did something wrong otherwise why would someone accuse you in the first place? 

The media is especially guilty for often times never correcting themselves after ruining someones life with an accusation and plastering their information on prime time. Sex and blood sell. Always have, always will. Being accused in the U.S could mean the loss of everything including your future and all of that happens before the verdict is rendered. Your entire life/world as you know it can turn into an unrecognizable pit of hell so deep the mental pain is unlike anything you've ever felt. For most this pain is indescribable and those who have never been in those shoes never truly grasp the severity of it.

***TLDR:*** 

*( I want to take this time to advise every single person who reads this to never ever under any circumstances use legal council offered by (the Human Resource department at) the company you work for. Even if it's your best friend who is an attorney working for the same company, hire your own council to avoid conflicts of interest and do it asap! Why? They may ask for documentation related to your case that your legal council wants to use in your defense and that company is only interested in defending itself FROM you. They may ask you to make a statement about the case. I guarantee their priority is protecting the company and their reputation. The lawyers that work for your company are not there to protect you. Hire your own lawyer(s).)*

The fact that anybody with a record is not provided with the same opportunities as those without records is the focal point of my argument/opinion. After they have paid the price for their crime(s) (regardless of innocent or guilty) let them move on. If they break the law again the price goes up. Sentencing Guidelines are formulaic. If you have committed a crime before, your minimum sentence is instantly higher. What crime it was, how many times you did it, etc. For example: 1st time = 6 months, 2nd time 1.5+ years. The minimums increase. (By the way, Life Sentences don't always equate to the person spending their life in prison. Life could be equivalent to a certain amount of years that could reach a maximum sentence being your entire life and it varies by state.) Don't tell them ""you had your chance and you ruined it. You made mistake(s) that's why you went to jail/prison/did community service/paid fines."" That entire viewpoint is the problem. Background checks, in my opinion, should be privatized, sealed and impossible for most employers to attain. They should not be involved in the hiring/decision making process for most jobs. I believe this because I believe they are one sided and those who have records are wrongfully discriminated against. They are continuously punished for something in the past (whether they did it or not) and it's extremely hard for these people to move on and contribute to the economy in a more impactful way because of these common hiring practices. Many of them are intelligent, driven, educated people who don't have issues with the law ever again. The literal price for committing a crime is very high. The mental toll it takes on you and those around you can be impossible to understand for people who have never experienced it personally. That is usually enough of an influence for people to straighten their lives out and move on. As soon as employers see anything on a record they have to check with the compliance department about whether or not they can still hire that person. That person you are denying could quite possibly be a fantastic employee who brings a great deal of value to the business. People with records are often victims of ""if they did something before they might do something again. Statistics/studies show that many people are repeat offenders"" arguments. People with records are very rarely provided with a fair opportunity due to restrictive policies. Policies that view those with a record (small, large, 1 misdemeanor or multiple felonies) as untouchables in a caste system that may hurt a business. Background checks are one sided and only provide negative information about a candidate. Companies never provide a candidate with an opportunity to explain their side with the possibility of a decision being made based on the answers like they do with resumes and interviews. Candidates are usually limited to acquiring lower paying jobs/careers as many companies' policies are wrongfully discriminatory. Even if candidates were allowed to discuss their criminal records in the same way resume are discussed, it would most likely only result in a negative outcome for the candidate. For anybody and everybody going through this now trying to better their life, I wish you the best of luck and I sympathize completely.",28652,5932
7,a1oo57,"# I posted this as a reply  to a ""people freak about lettuce but not guns"" post. /u/Z0idberg_MD gave a reply that I haven't posted back to because I felt getting other opinions was better than hijacking someone elses post with this. The following is my original post as well as  the reply  from /u/Z0idberg_MD which I will follow up with my reply.  I am adding it all for context and for quoting purposes. Sorry in advance for the long post.

An estimated 600,920 people were killed by cancer last year. 155,870 (highest of one type) from Lung &amp; Bronchus. Mostly related to Cigarettes which are said to account for 480,000 deaths 41,000 from second hand smoke. Cigarettes can be bought everywhere and are easy to get without ID.

15,548 deaths in 2017 from guns when excluding suicide (\~39,000-40,000 with them) Guns really aren’t as easy to get hands on as people seem to think.

Any deaths are a bad thing and the sooner we address the actual issues the better or the problems will never be solved.

I have used guns since I was 5 and the only things, I have killed are animals I was going to eat or animals attacking the cattle on the family ranch. People rip on the AR-15 saying nobody needs a gun like that but I am inclined to disagree. When you deal with things like coyote you need something capable. The .22 can hold more ammo but doesn't have the range to kill coyote from across two 40-acre plots of land (the ranch is divided up in 40s for grazing and baling purposes) my 410 is good for small animals (squirrel, rabbit, moles, etc.) My .243 has the range and power but is bolt action and only holds 5 rounds and I can use a Bow quicker than I can the bolt. The AR-15 is semi-auto and can get the distance so when dealing with a pack of coyote with 7 of them trying to attack cattle you don't have to stop to reload or try to get closer.

Every gun I have bought I have had to wait a week for a background check. Sure, I can go to a gun show instead of a store but the show's a lot of time will also make you wait for the base background check to be run before you can get a gun. They also tag the guns going in and out. (Not to the owner just noting what guns are bought. I know it isn't necessarily a security thing but like cameras all around watching you, it is a deterrent) People looking for illegal guns don't go to these places.

There is the argument that Chicago only has an issue because you can just go the next state over and get a gun but those states also have the same federally mandated background checks. The guns in Chicago more often than not are either illegal or stolen (making them illegal) from a legal owner. Those shooters aren't crossing state lines to purchase legally.

The other argument is that people should lock up their guns in a safe. A gun is useless for defense if you can't access it easily. You can be safe without putting it behind a 12-inch-thick metal door. I have two kids but I teach them not to touch the guns without me and how to properly use a gun. My guns are not in a safe and do not have trigger locks. They are in an area accessible to me and the ammo is easily gotten even though it is not beside the guns. I am teaching my children exactly like I was taught and my dad was taught as well as his dad and grandpa. None of our guns have killed anyone.

A lot of the stigma, I fell, around guns is the fact that in larger cities people don't tend to do things like hunt so they also don't learn to use a gun and see no reason in having one. In the rural areas it is different. I understand the arguments posed but at the same time if you take guns away from people that doesn't make shootings not happen. Even then if the gun crime decreases a different form will increase. (Crossbow, bow, knife, cattle prod, machete, bombs) Hell my wife is more likely to grab a knife or sword to kill someone than a gun.

When my cousin was in school he used to go raccoon hunting before school started and he would bring his gun and dead raccoons to school prop his gun by the classroom door and tie the raccoons to his desk. This was just in the 60s. The issues facing these things today spur some from the stigma but also from the lack of discipline. My cousin could take his gun because had he ever tried to use it there were multiple other boys that would stop him but also the teacher would have beat him into the next week. Look at schools now and how teachers are scared of students or how students will beat the shit out of each other with the teacher just saying ""stop please, I am calling the police"" which then puts kids into the system because the teachers instead of disciplining are just having kids arrested.

We avoid topics like mental health or PTSD while also trying to punish bullies (with cops again) Punishing the bully doesn't fix the mental damage suffered and it also doesn’t address the issues plaguing the bully. Communities don't work together to stop things they just call the police and hope it gets fixed. The more these things happen the more they try to push it on the police. Laws get altered that give the police more control of the punishing aspects and then when a child is in the system they yell and scream about injustice. Parents don't want to parent though.

I know an Officer in my city that got a call to deal with a kid. He got to the house and the Mom told the Officer ""He won't obey, he just back talk’s me and refuses to listen. I have told him 10 times to clean his room and he refuses""

The Officer talked to the kid found he was a little rebellious but mostly because his parents had recently split up and his dad had always been the one to punish if the boy didn't listen. He told the kid to straighten up and act as if his dad were there and think how he would be punished if he acted out against his mom with him there.

He left and a few hours later got called back with the Mom complaining about the same thing. She said ""did you even do anything last time you were here?"" He asked what he was supposed to do to which she replied ""Punish him somehow. Make him understand he can't talk to adults like that.""

The Officer proceeded to take off his belt and fold it in his hands, as he walked toward the kid the Mom flipped out and screamed at him ""OMG! WHAT ARE YOU DOING???""

He said ""Punishing him like you asked""

She said ""I didn't mean beat him""

He replied with ""I was only going to give him a whooping. What were you expecting me to do?""

The mom who had been so angry at her son said ""I figured you would arrest him or something""

The Officer said ""For what? Disobedience? Back talking? My Mom would have slapped me across the room for acting like that. I am not giving your child a record for back talking.""

The Mom snipped back saying ""I don't mean actually arrest him. I meant just arrest him and take him to jail to scare him""

The Officer was furious. Explained that the cops were not their to supplement when parents don't want to be mean. He gave her a warning for improper use of 911 services. (not sure if that’s possible but he was probably just trying to beat it into her)

This is the type of thing I mean when I say it is discipline.

I don't want people to die any more than the rest of the civilized sane people in this country but playing the this kills x but this kills y game is stupid. The number one cause of death isn’t the cigarettes or the guns (or lettuce) it is the people behind those things. The cigarette can't light itself and the gun can't fire itself (The lettuce can grow itself but it can't clean and test itself) they need people and until the human problem is fixed all of these arguments about buying guns or the like are 100% moot. If we aren't willing to help those in need mentally or even physically and we keep acting like a gun is anything more than a tool like a wrench, hammer, hatchet or chainsaw than these shootings and crimes will never stop. Maybe instead of arguing this politically just to get upvotes we should look at it medically and try to find a real solution.

If you don't like guns, fine. Nobody is forcing you to have one but don't act like you are morally superior just because you don't like them.

&amp;#x200B;

&gt;Reply from /u/Z0idberg_MD  
&gt;  
&gt;*Who said morally superior? They make society less safe without a whole lot of demonstrable ""good"".*  
&gt;  
&gt;*\* Correlation between suicide and firearm ownership rate*  
&gt;  
&gt;*\[Conclusions. We found a strong relationship between state-level firearm ownership and firearm suicide rates among both genders, and a relationship between firearm ownership and suicides by any means among male, but not female, individuals\] (*[https://www.ncbi.nlm.nih.gov/pmc/articles/PMC4984734/](https://www.ncbi.nlm.nih.gov/pmc/articles/PMC4984734/)*)*  
&gt;  
&gt;*\* Permissive gun laws lead to more homicides*  
&gt;  
&gt;*\[Conclusions. Shall-issue laws are associated with significantly higher rates of total, firearm-related, and handgun-related homicide.\] (*[https://ajph.aphapublications.org/doi/10.2105/AJPH.2017.304057](https://ajph.aphapublications.org/doi/10.2105/AJPH.2017.304057)*)*  
&gt;  
&gt;*\* The largest gun study in history on more guns = more firearm homicide*  
&gt;  
&gt;*\[Results. Gun ownership was a significant predictor of firearm homicide rates (incidence rate ratio = 1.009; 95% confidence interval = 1.004, 1.014). This model indicated that for each percentage point increase in gun ownership, the firearm homicide rate increased by 0.9%.\] (*[*https://www.ncbi.nlm.nih.gov/pmc/articles/PMC3828709/*](https://www.ncbi.nlm.nih.gov/pmc/articles/PMC3828709/)*)*

&amp;#x200B;

First and foremost, let me thank you for properly providing sources. Actual non-bias ones that are out to provide data not to specifically take a side.

I said morally superior. Strictly in context of the original post acting like pulling a dangerous lettuce that anyone could buy was equitable to buying a gun.

It's not.

\#1. Personally, I ignore suicide in gun numbers in gun debates and I only added them for those interested. Suicide is a separate issue from homicide so putting them together in my view just skews numbers and distracts from one conversation such as this one about guns. Suicide can be viewed, that is fine, but only so long as it is viewed separate from gun violence as a whole. People who fully intend to commit suicide will do it regardless. I have no argument with the statement that having access to a gun while suicidal will raise the chance of one committing suicide. However, that also loops to my statements about mental instabilities and if we paid more attention to things such as PTSD and Depression than things might be different.

\#2. In my opinion you shouldn't get a concealed permit without taking classes and it should 100% be up to a criminal background check to decide if you have one. Most the concealed classes around me are taught by active Police officers and the rest tend to be handled by retired ones.

Carrying a gun requires you to have some idea of responsibility but that is, unfortunately, not always how it works. That said limitations that are placed through recent legislation tend to be overly vague and are more harmful than they are good. Saying ""People with mental illnesses shouldn't have access to guns"" is well past overly vague. There are people that compete in the Special Olympics sport shooting competitions that would fall under that blanket law. “Mental illnesses” is a pretty vague term for law. When it comes to language in law, terminology is everything. With a law that simply states “mental illness” we would have to use something as a reference. Most likely the DSM-5 as it is the most comprehensive and as such all of these would fall under it:

1. Acute Stress Disorder
2. Adjustment Disorder
3. Adult Attention Deficit/Hyperactivity Disorder
4. Agoraphobia
5. Alcohol/Substance Abuse
6. Alcohol/Substance Dependence
7. Alzheimer’s Disease
8. Anorexia Nervosa
9. Antisocial Personality Disorder
10. Anxiety Disorders
11. Attachment Disorder
12. Autism
13. Autism Spectrum Disorder
14. Avoidant Personality Disorder
15. Bereavement
16. Binge Eating Disorder
17. Bipolar Disorder
18. Body Dysmorphic Disorder
19. Borderline Personality Disorder
20. Brief Psychotic Disorder
21. Bulimia Nervosa
22. Circadian Rhythm Sleep-Wake Disorder
23. Conduct Disorder
24. Conversion Disorder
25. Cyclothymic Disorder
26. Delusional Disorder
27. Dependent Personality Disorder
28. Depersonalization Disorder
29. Depression
30. Disinhibited Social Engagement Disorder
31. Disorder of Written Expression
32. Disruptive Mood Dysregulation Disorder
33. Dissociative Amnesia
34. Dissociative Disorder Not Otherwise Specified
35. Dissociative Fugue
36. Dissociative Identity Disorder
37. Dyspareunia
38. Dysthymic Disorder
39. Encopresis
40. Enuresis
41. Erectile Disorder
42. Exhibitionistic Disorder
43. Expressive Language Disorder
44. Female &amp; Male Orgasmic Disorders
45. Female Sexual Arousal Disorder
46. Fetishistic Disorder
47. Frotteuristic Disorder
48. Gaming Disorder
49. Gender Dysphoria
50. Generalized Anxiety Disorder
51. Histrionic Personality Disorder
52. Hoarding Disorder
53. Hypersomnolence
54. Hypoactive Sexual Desire Disorder
55. Hypochondriasis
56. Insomnia Disorder
57. Intermittent Explosive Disorder
58. Kleptomania
59. Major Neurocognitive Disorder
60. Mathematics Disorder
61. Mental Retardation
62. Minor Neurocognitive Disorder
63. Multiple Personality Disorder
64. Narcissistic Personality Disorder
65. Narcolepsy
66. New Specifiers of Bipolar Disorder and Depression
67. Nightmare Disorder
68. Non-Rapid Eye Movement Sleep Arousal Disorders
69. Obsessive-Compulsive Disorder
70. Obsessive-Compulsive Personality Disorder
71. Oppositional Defiant Disorder
72. Pain Disorder
73. Panic Attack
74. Panic Disorder
75. Paranoid Personality Disorder
76. Parkinson’s Disease
77. Pathological Gambling
78. Pedophilia
79. Phobias
80. Pica
81. Postpartum Depression
82. Posttraumatic Stress Disorder
83. Premature Ejaculation
84. Premenstrual Dysphoric Disorder
85. Pseudobulbar Affect
86. Psychotic Disorders
87. Pyromania
88. Rapid Eye Movement Sleep Behavior Disorder
89. Reactive Attachment Disorder
90. Reading Disorder
91. Restless Legs Syndrome
92. Rumination Disorder
93. Schizoaffective Disorder
94. Schizoid Personality Disorder
95. Schizophrenia
96. Schizophreniform Disorder
97. Schizotypal Personality Disorder
98. Seasonal Affective Disorder
99. Selective Mutism
100. Separation Anxiety Disorder
101. Sexual Masochism and Sadism
102. Shared Psychotic Disorder
103. Social Communication Disorder
104. Social Anxiety Phobia
105. Somatic Symptom Disorder
106. Stereotypic Movement Disorder
107. Stuttering
108. Tourette’s Disorder
109. Transient Tic Disorder
110. Transvestic Disorder
111. Trichotillomania
112. Vaginismus
113. Voyeuristic Disorder

I understand it is a hassle to name all the specific illnesses that shouldn't have a gun but if we just left it with mental illness many people who have never had any problems would lose access to them and it would eventually be thrown out in the Supreme Court. We could hope that if we used a blanket term it wouldn't be misused but in time it would eventually be that way. If only to stack charges. People with Depression and Schizophrenia would be obvious ones to prevent due to the nature of the disorder but what about Bipolar? Something easily controlled with medication. Would that be ok? Someone with ADHD, Tourette’s, Social Anxiety, Erectile Dysfunction or even Transgenders (Gender Dysphoria), should they be put under this blanketed ban of mental illness? Because history shows you that blanket laws are taken advantage of, a prime example is Civil Forfeiture laws.

I am not one of those people against all gun laws but I am against the “Common Sense” gun law statements and the fight to ban guns completely. Common Sense gun reform sounds good but people always take it off the deep end and then start attacking the second amendment. The only way to get rid of the second amendment would be to rewrite the constitution after a civil war or to rewrite it with the purpose of starting a civil war because the gun owners in this country would overwhelmingly oppose that option no matter what. For arguments sake though using the Huffington Post as an example of how crazy people can be when talking about this topic, this is the list from the article ([https://www.huffingtonpost.com/warren-j-blumenfeld/proposals-for-common-sens\_b\_8231786.html](https://www.huffingtonpost.com/warren-j-blumenfeld/proposals-for-common-sens_b_8231786.html))

***We must ban and criminalize the possession of automatic and semi-automatic weapons!***

Automatic Weapons are highly restricted. To buy and sell you have to have a Federal Firearms License or they have to be registered gun made before 1986 (assuming they can even be owned in your state) You have to inform the Chief Law Enforcement Officer of your area that one is being purchased. A form has to be filled out with the ATF ($200 for tax, fingerprints, passport style photo, and information on the firearm are all part of this form) Then you have to wait up to a year for it to be approved. All of that is assuming you can afford one seeing as the bans on them have made them extremely expensive. (A standard AR-15 usually runs $800-$1000 brand new, A fully automatic made before 1986 will be $20,000-$35,000)

Saying Semi-automatic Weapons is about as bad as saying mental illness. Semi-Auto is defined as an automatic loading weapon that fires one bullet per trigger pull whereas Fully Auto is more than one bullet per trigger pull. So, by this writers’ definition we are left with bolt action (which people can fire at high rates very easily) and muzzleloaders. Pistol wise you are basically left with a derringer. There are derringers that shoot .410 shotgun shells and a muzzleloader can be a .32 all the way to a .58 caliber. All of which can do some damage and depending on the user can be reloaded faster than most people can get away. What works in favor of the Semi-Auto is that you don’t have to be as accurate with your aim.

***We must close loopholes such as buying a weapon at a gun show!***

Private sale between 2 private owners is an option when both are in the same state regardless of being at a gun show. Most dealers at gun shows are FFL gun dealers and they have to do a background check on you under the requirements. Not preforming one is against the law and they will lose their license as well as be charged with the unlawful sale of a firearm. Is this saying it isn't possible? No. Likely? Also no. If you crossed state lines and bought a gun the sale has to be processed by an FFL in your home state. FFLs aren't just selling to criminals and ne’er-do-wells. Gun Shows make it easier for FFLs to find buyers for the product they have in their stores. Believe it or not gun shops aren't multi-million-dollar cash machines sometimes change of venue gets your product sold.

***We must ban the purchase of firearms and ammunition on the internet!***

Again, to sell across state lines an FFL has to be involved even when purchasing online. The idea that you can just hop online and buy a gun like you were shopping on Amazon. Ammunition wise I am not really sure what that has to do with anything because you can always reload ammo so banning online sale won’t solve anything.

***We must increase the waiting period and make background checks more rigorous and effective!***

As I said in my last post, I have had to wait a week every gun I have bought. It isn't like the background checks are simple little papers that aren't actually looked at. If it is effectiveness you are wanting, the background check is only as good as the information reported on it just like a credit score. Make mental health record of certain types mandatory to report and all police records considered such as tickets for Jaywalking.

***We must limit the number of firearms any individual can own!***

Not really realistic but sure I will bite. Limit to what. Who decides this number? As in my first post all the guns I use have specific purposes. If I own 1 gun or 50 of them what difference would it make with the exception of there being 50 less guns on the streets to be used in a crime? I know it could be argued that everyone has the potential to commit a crime with a gun and that it is more likely dependent on the number of guns in one’s possession but this isn't a Tom Cruise movie and pre-crime isn't a thing. At that rate what is stopping us from limiting how many kitchen knives you have? You only really need one and as long as it cuts what’s the difference?

***We must limit the number of bullets any firearm clip can hold!***

I am not sure what limiting the number of bullets in a clip is going to do with the exception of making people insert bullets into their magazine slower. Clips are nice but I personally don’t use them. Having 2 smaller magazines for the AR-15 covers 20 rounds for me and I rarely if ever shoot enough to constitute being able to use a clip to quickly reload my magazines. Other people might have a need for this but even then, if you limited a clip to 5 bullets you are just telling me I need 2 clips to feed my magazines not 1. (I 100% understand that this writer was making the statement about magazines and not clips but this perfectly illustrates my point on why language used is important.)

***We must ban and criminalize the purchase and possession of armor piercing bullets, and also hollow-tip bullets!***

There is a lot to unpack here but I will keep it simple. Bullets kill regardless of the type and again with language saying Armor Piercing has wide connotations. True Armor Piercing rounds have a steel core instead of the standard soft lead and are designed to penetrate light armor.

While if you are talking about bullets that can penetrate things like Kevlar you are talking about anything larger than the standard .22. The AR-15 uses .223 ammo which in essence is a .22 bullet. The difference is that .223 is high velocity and the bullet tends to come to a point. It comes in a Round Nose (Used mostly in handgun ammo) and a Boat Tail (Used mostly in rifle ammo) The average owner will most likely have Full Metal Jacket ammo which sounds scary but for the most part it is a lead bullet with a copper coating on the outside it has nothing to do with Armor Piercing ability. If you shot a standard .22 round and a .223 the .22 would do more visual damage entry wise and would also more than likely not exit at all.

Hollow Point bullets are common for self-defense and also used by police because unlike FMJ they have stopping power on impact. As they hit, they expand and take up more area meaning they are less likely to do damage outside of the impact zone. They are safer to use for self-defense because you will be able to stop your attacker without having to worry as much about bystanders These bullets aren't made for long range shooting.

Banning and criminalizing two types of bullet is pointless unless you are doing it to all ammo. The writer misses Open Tip, Soft Point and Ballistic Tip ammunition as well as Shotgun shells which have Birdshot, buckshot and Slugs (A typical 12 Gauge slug is .73 caliber) Which in the right hands can be just as dangerous as a typical rifle.

***We must rethink the “logic” of permitting concealed weapons, especially in places like houses of worship, colleges, bars, restaurants, and political rallies!***

Yes, we should. Many shootings happen in gun free zones Reason being that the person wanting to do maximum damage will go where they are less likely to receive resistance. The Gun-Free Zone is implemented with good intentions but that also paves the road to hell. It is a matter of criminals are criminals because they don’t follow the law. No mass shooter has seen a “Gun-Free Zone” sign and though ‘Well shit, there goes that idea’

***We must interface all data bases monitoring firearm ownership to assess the firearm-owning population more accurately and effectively!***

As mentioned above, criminals are criminals because they don’t follow the law. This would be fought as an invasion of privacy almost immediately and wouldn't contribute to anything more than tracking law abiding citizens and their gun ownership. Do you think the criminals are letting the government know the use and sale of their guns? Yes, this writer is stating that we pull all the databases we already have together but he is also implying that it should be easily accessible for research which, as said, is an invasion of privacy.

It isn't to say that I disagree with gun laws entirely it is just stating that there is more to the issue than simply banning things that are used by mass shooters. Someone wanting to deal damage will figure out a way. If we are banning like the article suggest we are left with Shotguns, Derringers, Bolt action rifles and Cannons. It also ignores Swords, Knives, Chainsaws, Sledge Hammers, Flamethrowers, RPGs, Tanks, Bows and Crossbows, 3D Printed weapons, Lawnmower blades, Planks of Wood with Nails in them, Baseball bats with barb wire and Potato Guns just to name a few. It also doesn't account for bombs or chemical weapons made with household products such as Ammonia and Bleach or Bleach and Alcohol. All in all, the weapon of choice isn't the problem as none of them can act independently. Humans will always find a way to be the biggest assholes they can be should the need, in their mind, arise.

Looking at recent mass shootings, how many could have been avoided had people been less selfish and paid attention to the signs pointing to problematic mental health issues? How many could have been avoided if we just taught parents to be parents instead of letting them rely on the government to be the babysitter. I agree that not all people need guns but proper education would help too. Instead we yell and scream that guns are bad and kill people so we should remove them from the hands of the public. I would love to see the study supporting the idea that guns kill people.

\#3. **EXTREMELY** interesting study. It is almost too smart for its own good though. More guns = more firearm homicide. What is wrong with that statement? More knives = more knife homicides. More car bombs = more blown up cars. The study had the proper idea but they implemented it wrong merely in the way we can break down their study and say something as vague as more guns = more firearm homicide.

Going back to my original post I covered this slightly. In rural America you have many towns where the firearm to citizen ratio is 1:1 or higher. Even taking states you have places like Wyoming where the registered guns to citizens is \~230:1. Whereas larger population states like California and New York are \~9:1 and \~4:1 respectively. (Oddly enough referring back to the Automatic weapon point the Top 5 states with Machine guns: 1. Connecticut - 52,965, 2. Texas – 36,534, 3. Florida – 36,194, 4. Virginia – 34,074, 5. Illinois 33,646. Though, California is really close to the Top 5 at #7 – 29,047.) ([https://huntingmark.com/gun-ownership-stats/#\_ftn1%20](https://huntingmark.com/gun-ownership-stats/#_ftn1%20))

The top 5 most dangerous cities (According to Forbes) and their state rank of registered gun owners are:

&amp;#x200B;

|City Rank|State Rank|
|:-|:-|
|1 Detroit, MI|45. Michigan - 6.59:1|
|2 St. Louis, MO|36. Missouri - 11.94:1|
|3. Oakland, CA|44. California - 8.71:1|
|4. Memphis, TN|33. Tennessee - 14.76:1|
|5. Birmingham AL.|6. Alabama - 33.15:1|

&amp;#x200B;

The study you reference while giving very helpful and valid data wasn't quite as valid as it could have been. The information is definitely there to produce solid evidence should you combine the data with other studies. I don’t see it as one sided but I do think they failed to include information that might have changed the data.

&amp;#x200B;",28013,6677
8,fdzial,"(Warning: Gigantic post, if you want the TL;DR: I hated DBS and I find DBGT better. I also didn't number the segments as the extra paragraphs every now and then ended up ruining the formatting, so I instead placed the numbering as text instead)

&amp;nbsp;

Let's go over the arcs and add individual points as they crop up:

&amp;nbsp;

**Firstly** The Beerus saga. Forgettable. DEFINITELY good parts (the budding romance between Trunks and whatever her name is was pretty sweet. Watching Beerus go from planet to planet destroying them was also fun, though to compare with Vegeta and Nappa's visit to the cricket planet, Vegeta and Nappa's time on that planet was more amusing. Beerus barely allowed us to enjoy those planets at all), but almost entirely forgettable. Super Saiyan red was...well I WANTED to like it, but we're hardly allowed to enjoy it when we KNOW he's facing a threat more powerful than even super Saiyan red. When Goku hit super Saiyan, he vastly overpowered Frieza, when Gohan hit super Saiyan 2, he was ALSO vastly more powerful than Cell, but like when he showed us super Saiyan 3, the lack of immense power behind the transformation kind of just blunted the feel of the power of the transformation. When Frieza went through his many transformations in DBZ, he was powerful in each transformation and we got some good beatdowns every time he transformed. You FELT the power of each form. Super Saiyan red though was wasted on Beerus, as we knew the entire time it was never a fair fight between the two and Beerus was majorly holding back. There's also no way around the fact that we've seen the non-canon SSJ4, and SSJ4 *looks* leagues cooler than Super Saiyan red, blue and ultra instinct (although Super Saiyan rose ACTUALLY looked intriguing, but that might be in addition to the contrast with Zamasu's clothes). SSJ4 also stands out, its appearance REALLY stands out, Super Saiyan red just looks ordinary, it doesn't even look as good as SSJ1. Also Vegeta. I mean...MY GOD, Vegeta. They really turned him into a wimp, didn't they? He was NEVER this pathetic, even when the odds were set up so heavily against him (and they were set up many times over in DBZ). DBS just in general *ruined* Vegeta as a character, he was absolutely atrocious here.

&amp;nbsp;

**Secondly** The Golden Frieza saga. The movie was fine, the series was....just bad. Frieza, having never trained a day in his life for his tremendous power, DOES finally train and becomes ridiculously powerful....I like it! Yes, this part is awesome. His transformation? Golden Frieza? Also awesome. Yes, this I can get behind. The power level situation? This saga is probably where it all falls apart. Falls to pieces like Humpty Dumpty. Frieza trains by effectively torturing one of his underlings....torturing him over the course of six months (and yes, I'll accept it as having trained the underling rather than JUST being torture) into that underling....*becoming literally more powerful than Frieza's final 100% form* (as in pre-Golden Frieza. 100% final form is what it's still called as far as I know). We KNOW he's become this powerful because he's more powerful than Piccolo, and Piccolo I'd like to remind you, went almost toe-to-toe with Cell's base form, CERTAINLY toe-to-toe with 17 who is certainly more powerful than Frieza (seeing as 17 was more powerful than SSJ Vegeta) and never stopped training unlike Gohan. Then they had the audacity to just pop 'Surprise! Ginyu!' only to have him killed in a heartbeat and waste his existence. Also, putting Vegeta and Goku on effectively the same playing field? You KNOW they just did this for fan service, because Vegeta is highly popular and they more than just want to keep him relevant, they also want to give in to the fan service. Oh also Super Saiyan blue. Really? Neon blue? Really? I know they wanted to give us a new transformation, but what's wrong with just sticking with red?

&amp;nbsp;

Now here's the thing: I know they were DEFINITELY going to give us a new transformation, because OF COURSE they were. But now we have two transformations. I'd like to remind everyone the idea of a 'super saiyan' was supposed to be a rarity among the saiyans, now we have MULTIPLE transformations and it's gotten a little silly, don't you think? Super Saiyan 2 can be written off as a more purified version of a super Saiyan, Super Saiyan 3....was weird but whatever, now we have a whole 'five super saiyans grant their power to craft a new level of super saiyan'? Along with Super Saiyan blue? Not only are we now hearing that Super saiyans were rare in Saiyan history, but it turns out there are MANY transformations BEYOND just Super Saiyan. This is getting a little overboard, don't you think? DBGT (which I admit 100% I prefer over DBS) gave us a golden ohzaru form which was awesome and VERY different to the usual, and SSJ4 which was extremely different to anything we knew of SSJ (and not in a sensible way) but was STILL awesome. This here is just hair color changes and now we have to be told 'oh look how powerful they are now' (and supposedly bodily changes as well, but let's be honest, it's nothing as immediately visible as when Trunks went Broly body shape SSJ when he fought perfect cell in that 1 episode). SSJ4 was MASSIVELY different to anything we'd seen before, it wasn't sensible, but it *looked* cool and was a very unusual take on the whole thing. Additionally, almost every transformation was *earned* in some way. SSJ1 was Goku angered by Krillin's murder, SSJ2 was Gohan angered and pained by 16's destruction, and SSJ3 unfortunately suffers from the same issue as SSJ blue. SSJ red WAS actually different in how they achieved it, so I'm giving it a pass on that.

&amp;nbsp;

**Thirdly** The tournament saga. Really? An entire arc dedicated to a tournament? I don't really like tournament sagas OUTSIDE of the Cell games saga, and THAT one for good reason (or even the world tournament portion of the Buu storyline, ALSO for good reason). In the Cell story, the tournament was the culmination of the Android Saga leading all the way up to it. All these storyline lines had occurred BEFORE it, culminating in a tournament saga for the fate of the planet. So many events, so many varied things happening and new players introduced throughout this gigantic storyline and their influence on the turnout of the whole story. Even during the Cell games, Cell wasn't content to just have the games and nothing else happen, no, he created Cell juniors to keep the other fighters occupied. MORE than just a tournament was occurring. The Buu storyline's tournament section? That was a short prologue to a gigantic storyline, the mere START of a giant storyline. Here however? This tournament IS the storyline, it IS the saga. Things happened, yes, but nothing outside the game itself, because there were effectively powerful referees (Beerus and his brother) making sure that everything outside the tournament would remain civilized. The only events that COULD happen, had to happen INSIDE the tournament. Meeting an alternate universe Frieza (which by the way, what a let down. He's actually evil? A good Frieza would have been leagues more interesting), meeting OTHER saiyans who WEREN'T from planet Vegeta (because their history played out differently), meeting Hit (who's...KIND of interesting? Actually nah, not really. His personality is dull). The introduction of alternate universes: Yes! Finally the chance and opportunity to throw enemies the heroes could not even fathom at them! But super dragon balls? Forgive me if I feel that as an idea that they're ripped off of DBGT's red star dragon balls. Goku using both Kaioken and Super Saiyan blue combined to beat Hit's technique was an AMAZING touch, I loved the visuals that played out here and just how immensely fast he became (putting that gap between him and Vegeta again, which I think was a powerful element back in DBZ and a powerful element overall), but also bringing back a power we all knew in an interesting manner (it makes me wonder why he never used it like this before, but I'm willing not to ask that question and just enjoy the show). Vegeta teaching Cabba how to harness Super Saiyan....no. Just no. This was utter garbage. Cabba hit Super Saiyan? THAT easy?! No, just NO. This was AWFUL. This was an AWFUL addition, it ruins a major thing we knew from DBZ. Also is it me or is Goku somehow stupider in DBS than he was in DBZ? I can't put my finger on it, but he really does genuinely seem stupid in DBS. Also the stakes for this saga. I know not everything has to be high stakes, but couldn't you come up with something higher than who gets to make a wish on the super dragon balls? ESPECIALLY given that the heroes have nothing major they NEED to wish for.

&amp;nbsp;

**Fourthly** Future Trunks saga. I hate this one. I hate it. I genuinely hate it from the bottom of my heart I hate it so much. Firstly, Future Trunks hit Super Saiyan blue? When he left he hadn't even hit Super Saiyan 2, let alone 3, never mind the supposedly intense and excruciating training to achieve Super Saiyan blue. His rapport with what's her name (I really need to look that up at some point) was really nice, I really did like it a lot. I even liked his working together with Earth's defense forces. But the enemy. Is that an evil Goku? *Squeeee*, evil Goku! How did it happen? Potara earrings! Did he fuse with Vegeta and it went wrong? He took on Vegeta's evil? Is this an evil Goku from an alternate universe? Perhaps a Goku from another timeline that was given the role of Kai and he either turned evil or was always evil! Or perhaps via the potara earrings he merged with some evil being!

&amp;nbsp;

No actually. None of those. The truth was more mundane than that. An evil person told Super shenron to switch his body with Goku's body. That's it. Also using a ring he can't be destroyed from the timeline by a past self being destroyed. Also, his new Saiyan body, GOKU'S body, becomes more powerful every time he fights. Wait what? Goku can't do that! What the heck are they talking about? Goku can't become more powerful every time he fights, that's not even how Saiyans can increase their power level! What the heck are you on about! Then of course there's the fact that Zamasu and Black Goku are literally the only foes in this storyline, and the heroes can barely fight them without getting trounced and having to run for it. In DBZ storylines and even the golden Frieza arc, there were other enemies to fight, there were multiple tiers of foes to go through and more than just the one villain who cannot be overcome (I'll get to the Buu saga, I haven't forgotten it). In fact I would argue the Frieza saga was one of the best of DBZ and NOT because of SSJ, but because there was a whole *everything* to the arc (from a new setting, to multiple tiers of foes, to a protracted battle against the villain to allow the audience to really enjoy what he can do, to new friends and major changes to characters). In the Buu saga, BUU was an interesting character, as we got to see him first be an unwilling slave to Babidi and then killing him, and befriending Hercule, getting a dog that then got shot leading to him expelling the evil within him, becoming Super Buu (I think that was the term), and the heroes trying to come up with some serious strategies to fight him leading to the introduction of the fusion form, and then Super Buu literally killing everyone on Earth at Piccolo's invitation, and then them dragging him around to his next fight, and him fighting a brand new character in the form of Gotenks, Gohan drawing the Z sword and then going on his mystic training, the introduction of the old Kai and the new knowledge of potara earrings. So many things all happening DESPITE there only being the one villain. In Zamasu and Goku Black's story, they repeatedly come back to the future to pick fights with him and....what else is achieved? Nothing. Just repeated failed attempts at fighting him. NOW would've been a great time to give us Gogeta, but no, instead this back and forth continued for almost the entire arc. Additionally, where power level was mostly just messed with in the golden Frieza arc, here it was thrown clear out the window. Characters became more powerful at the drop of a hat because *they really, really needed to be powerful and really, really wanted to be powerful as well*. Where they were SUPPOSED to be outclassed, they suddenly lost that disadvantage just to give us fights. Characters got these jumps in power with no explanation whatsoever, it was just to keep fights going on. And Zamasu. Could they possibly have come up with a less interesting personality? He was *boring*, so damn *boring*. And his defeat? I was WAITING for them to chop off his finger that had the ring on it so his destruction from his past would catch up with him and destroy him, something to tie what happened in the show with the current events. There WERE nice additions in this arc, for instance the revelation that the supreme kai's death would kill Beerus as well, additionally Trunks meeting his future self and getting (jealous of him at first? Scared? I can't recall, it's been a while). Zamasu however was just a terrible villain. Super Saiyan rose however was actually a good look, and with Goku Black's clothes it was a good look overall. The Goku Black/Zamasu fusion looked fine at first, but then they turned into that half and half design and that was just awful. Zamasu was just a lame villain all around. His motives were as though he was literally born that moment. Comparing to say Frieza: He's a warlord and he's spoiled. He acts like a violent dictator who'll kill his subjects with barely a thought, but his ultimate goals are stuff that makes sense, and he still has subjects he somewhat respects (like his two aides and the Ginyu Force). His personality is well developed. Cell as another example starts out as mostly predatory and animal-ish, his second form has a brutish personality to it but if not definitely at least gives off the impression is more intelligent than his base form, and his final form is definitely regal and proud, and is not averse to taking risks. His personality morphs in believable ways, and it definitely changes. Buu is the idea of 'different personalities' incarnate, and even these forms have their nuances. Even kid Buu, whose most basic personality: just desirous of destroying everything, can be understood because he wasn't born, he was created, and he IS a simplistic evil, he HASN'T had a complicated life that involved conversations with other people. Zamasu's personality just doesn't make sense, it IS like he was literally born the day he showed up in the anime/manga.

&amp;nbsp;

One thing I admit wholeheartedly to liking about both Zamasu and Goku Black is how they showed that they had completely accepted one another. Something about that was remarkably profound to me. I also like how they showed that Goku Black killed Goku's family (and not just any timeline Goku, literally the main character Goku), it was a nice touch (dark, but nice).

&amp;nbsp;

Oh, and then there's the cheap ending they gave us for that arc. That Zeno is brought in and *he* deals with Zamasu. If they wanted a clever ending they had better options, but overall they messed with the show so badly here that they've just thrown the rules established in DBZ (which were still generous and offered them tons of leeway) to the wind. They also made it so that the hyperbolic time chamber could be entered an unlimited number of times (or so it seemed, given that they used it again BEYOND their limit (either in this arc or the next, can't recall specifically)). The way this arc absolutely destroyed any sense the power level situation had in the show is what makes this the worst arc for me.

**Fifthly** The tournament of power arc. Goku here drove me crazy. Did Goku *know* that Zeno wasn't going to permanently destroy all the universes? It's the only thing I can think of that makes sense, because if he didn't, then he acted pretty crappy in this arc. I KNOW that only one universe can survive and I KNOW he can't take on Zeno, but he seemed fine with it, he seemed like it barely bothered him *if at all*. I know Goku used to kill people in Dragon ball, that's been brought up like crazy, but DBZ Goku is not the same person and what's more, even Dragon ball Goku is not likely to be fine with the destruction of all these universes and the loss of all these lives. If he DIDN'T know that Zeno was planning on the other universes being brought back, then he was a pretty garbage person in this arc. Again, I know that the reality of the situation is that only one universe was going to make it (as far as he knew) and that he didn't have the power to take on Zeno or stop him, but he genuinely did not seem that troubled by the idea of all these universes being destroyed, and that's not the heroic Goku we've been following all this time. If he didn't know that Zeno was planning on all the universes being brought back, then he was a pretty garbage person in this arc. All this and I haven't even touched on how much this arc absolutely sucked.

&amp;nbsp;

The problem with a gigantic arc that focuses on everything *within* a tournament is amplified in this arc. The only way the story can change and evolve is within the context of this tournament, and that's all. The only unpredictable events are in the powers of the enemy or the main characters and how they're used. There's nothing OUTSIDE of this, and there's NO argument to be made here that this is the conclusion of the DBS saga and everything it was building up to (like say with the Cell games saga) as this is a story all its own, and leagues too long to count as a conclusion to a giant build up (and I really mean LEAGUES too long). Then there's also the setting, the backdrop of it all. I mean really? This mundane place? Yes, they tore it up and it looks different than it started, but it's still an ugly and nondescript setting, and this ugly and nondescript setting is going to be the backdrop of a DAMN ton of episodes. I need leagues more variety than this, for how long this lasted I need WAY more than this.

&amp;nbsp;

Then there's also how them throwing out how power levels work is the only way they could make this whole arc work. Quite frankly Goku and Vegeta should've made short work of the majority of the fighters in no time at all, like even two hours is way too long for how this whole thing should've played out. Yes, power levels like how they were treated in DBZ makes tons of characters irrelevant, but at least it made sense, at least it worked in a sensible *linear* fashion (a person with a power level of 1,000 is NOT taking out Vegeta when he first appeared (he had a power level of 15,000 or 18,000 if I recall correctly in his first appearance), Raditz and the average Saibaman has a power level of 1,000). Here however even *Krillin* was relevant, and I know they want to push that he was supposed to be tactically brilliant to make up for his lack in power, but the difference in speed and power between someone able to take on even an SSJ1 character and Krillin is no small thing, and there were characters in this arc who were doing pretty well who should've wiped the floor with Tien, Krillin, 18 and Roshi. The only answer I can come up with is that they're trying to move away from power levels and instead focus on tactics and strategy so that irrelevant characters can be relevant again, but it's this kind of break from established canon that makes DBS seem like non-canon vs DBGT which followed the rules set by DBZ a lot better (although I still have some complaints about DBGT, like Goku being given his kid body again for the majority of the show, and also the introduction of the red star dragon balls which had the annoying caveat that they'll destroy the planet where the wish was made unless they're gathered up there again, making it so that this problem with Goku can't be fixed and goes on LEAGUES too long). I LIKED the rules set by DBZ, I *didn't* want to see them just straight up get trashed.

&amp;nbsp;

Also quite frankly there needs to be a rise and fall to the action. Intense combat followed by some story telling, or story telling PLUS combat, instead I was all 'combat-ed' out with this arc pretty fast. I had the fortune of watching all this via blu-ray, so I watched it all back to back, I can't imagine how boring it would've been (for me at least, seeing as most people regard this arc pretty highly) to watch this week after week knowing that the only thing to look forward to is more fighting, followed by more fighting, followed by (you guessed it!) more fighting. There's a lot of fights in **DBZ** that's very memorable because they didn't inundate us with nothing but fight after fight after fight, like a complete walkthrough of dynasty warriors without the cinematics or inventory management.

&amp;nbsp;

The 'mooks' phase of combat in the Frieza and Golden Frieza story arcs of the entire thing was filled with nameless foes getting knocked down without us getting to know them, and when you had more interesting foes show up who were named and had their own personalities, they stuck around long enough for us to know and enjoy them just enough to remember them fondly. The tons of characters in the tournament of power arc however swing between mooks to somewhere just BENEATH memorable side villains, and OF COURSE they did, their only stage time was as fighters in the tournament of power arc with barely enough time to flesh them out or even time OUTSIDE of this fight to flesh them out. Dodoria and Zarbon stand out MAJORLY, because we also got to watch them help Frieza kill and torture civilians on Namek, we got to see how they carry themselves when they're NOT in the middle of a fight for their existence. Nappa and Raditz were both quite similar in this as well.

&amp;nbsp;

I'm also going to say something extremely unpopular (besides everything I've already said), but I didn't like ultra instinct. Yes, the fights looked spectacular when Goku fought with Ultra instinct, but give it a rest with what is ultimately more transformations. You can explain it however you want philosophically (that he's just letting his instincts move him), but it IS another transformation, and yes I know it's something EVERYONE can theoretically achieve. Also come to think of it, why didn't Goku unlock rose form first at least? We know it exists, so why wasn't it unlocked? It would've been LEAGUES more satisfying than ultra instinct, because we KNOW the rose form exists, it's been established at this point. Then there was Vegeta just unlocking his 'super saiyan blue UwU' form (which is the only thing I can think of when I saw how his face looked. I swear it looked like he was just missing blush marks on his cheeks). The whole thing was just so cheap. Also frankly Jiren was not that interesting of a character. Then there's also where they find out Jiren's past and they call him out for the way he's acting and being like 'you're just lying to yourself, you're pushing your friends away because...' blah, blah, blah aren't you here to effectively kill him? Is this really the time for this? I mean they're not just messing with him to get him to lose his cool, they're SERIOUSLY having this discussion right now. This is SERIOUSLY not the time for this.

&amp;nbsp;

**Ultimately** DBS was just terrible. One of the other gripes I have with it is how the whole story was done overall. When you compare with, say, the Saiyan arc of DBZ, you had this story that evolved over time and evolved naturally over many locales and over such a period of time that it was inevitable that we would see a fleshed out story that took place over many places and that had so many nuances all over the place like a breathing story should have. The Frieza/Namek arc, this is inarguably one of the best arcs this entire show has ever seen featuring the best of every element I've mentioned and even ones I haven't. The entire Cell saga (for which I include the android sagas that came before it) was also extremely vibrant and was an evolving storyline that allowed the story to breathe. Even the Buu arc, despite some faults I found in it, ALSO found time to breathe and be vibrant. In the case of the DBS stories however, I find I just can't say the same. The threats that appeared were vanquished almost as soon as they showed up and everything happened quite fast. They barely ever had the time to stop, get a breather, reassess the situation and come in with a brand new angle. The Zamasu arc offered this, but the WAY it offered it was terrible. In the case of when this happened during DBZ, they occupied the same place as the threats (in a manner of speaking), but the way it was handled during the Zamasu arc, they were effectively untouchable when they went back to their timeline. Also, and this is a matter of taste (although I suppose everything in this post is a matter of taste), but I'm not a fan of the power ceiling brought about in DBS, where you have effectively untouchable characters like Zeno, Beerus and Whis. In DBZ, Goku and Vegeta were always going to be at the top of the food chain, either as themselves or AT LEAST as Gogeta/Vegito, in DBS however, no matter how stories progress, there's always those ridiculously powerful and untouchable characters like Beerus and Zeno.

&amp;nbsp;

Now, the movies? I liked the Beerus and Golden Frieza movie, and I ALMOST adored the Broly movie. The Broly movie was almost absolutely awesome, save for when the fight started and then....almost never let up. All that amazing story development, and then an almost nonstop, never ending fight sequence. Broly in the original movie had lines, he had a fair amount of lines, in this one when he goes berserk, that's it, it's just a nonstop fight against an effectively personality-less character. In the original Broly movie, Broly even took a second to destroy the planet of the slaves they had with them and to revel in it. There's no question in my mind that the DBS Broly movie is better than the original, but this is my one caveat to it.

&amp;nbsp;

Overall, I enjoyed DBGT WAY more than I ever enjoyed DBS, which just frustrated me greatly.",26409,6018
9,54zta7,"Despite what popular modern opinion holds, teenagers are capable of nothing less than running the world in our absence and even maintaining marriages longer than modern adults can... if they are raised appropriately. Here is my defense:  

**Young Weddings in History**

Joseph and the Virgin Mary (c. 7 BCE)  

The first century Jewish culture into which Jesus of Nazareth was born considered males marriageable at the age of 13 years and one day, so long as they had grown pubic hair. It was the same for females, save that the age was 12 years and one day. Women who had reached that age would often be quickly sold or given away into marriage. At least with regard to females, the Greco-Roman culture, too, of the first century widely considered that approximate age to be the ideal age for marriage.[1]  

Luke, in his gospel, wrote that Mary was pledged, though not yet married, to Joseph when the angel Gabriel appeared to her and told her that she would conceive (Luke 2:26-27). So, it is very likely that she had recently turned 12 at the time. That would make her either 12 or 13 when she gave birth.  

Her betrothed, Joseph, might have been virtually any age over 13 at the birth, depending on how expensive Mary’s bride-price had been. If it had been very expensive, then one would suspect that he had been saving up money for an extended period of time; had she been a cheap buy, then it is not inconceivable that a 13-year-old craftsman might have been able to afford her.  

Weddings in which the brides and grooms were youths continued for many centuries after that. During the Middle Ages, for instance, children “were launched into the ‘great community of men’” as soon as they “could survive without the care and attention of their mothers or nannies, somewhere between the ages of 5 and 7,” wrote Haywood in his book, *A History of Childhood:*  

&gt;They joined adults in their games and pastimes and, whether they were courtiers or workers, acquired a trade by throwing themselves into its daily routines, living and working with those who were already fully trained.[2].  

Stearns agrees in his *Growing Up*, writing in 2005:  

&gt;For older children—what we would call adolescents, or youth—attention shifted to the tension between work needs and capacities, on the one hand, and maintenance of adult power on the other. The fact was that, by age fifteen or so, most children were capable of doing adult work, particularly in agriculture.[3]  

**Louis and Marie (1697)**  

Consider the union of Marie Adélaïde of Savoie, Duchess of Bourgogne; and Louis of France, Duke of Bourgogne. Though pre-arranged and inspired by mundane political diplomacy, their marriage was remarkably romantic.  

When Marie was ten, her parents betrothed her to Louis, who was then 13 and the second in line to become the King of France. She was subsequently moved to Versailles to live among her betrothed's royal family to learn how to be a queen. Many found the new addition to the household inexpressibly charming. Describing her after having personally gone out to meet her upon her arrival, Louis’ grandfather, King Louis XIV, said:  

&gt;She has the most graceful and perfect figure that I have ever seen; her dress and hair are like a picture; her eyes bright and very handsome, with admirable dark eyelashes; her complexion smooth, and as pink and white as heart could wish; and she has the most beautiful brown hair that you can imagine, and in great quantity; her mouth is red, her lips large, her teeth white, long, and very irregular; her hands are well shaped, but of the colour of her age. I am extremely pleased with her, and I hope you will be so too when you see her.[4]  

The king's second wife, Françoise d'Aubigné Scarron, similarly found her absolutely enchanting, writing of the barely eleven-year-old:  

&gt;She has a natural courtesy which makes it impossible for her to say anything unkind. Yesterday, I tried to resist her caresses, saying that I was too old, to which she replied, *""Ah! point si vieille!""* She came up to me, when the king had left the room, and kissed me. Then she made me sit down, having noticed at once that I cannot stand, and, almost seating herself on my lap, she said in a coaxing voice, ""Mamma told me to give you a thousand messages from her, and to ask for your friendship for myself. Please tell me what I must do to please you."" Those are the words, Madame; but the gaiety, the gentleness and grace, with which they were accompanied, cannot be put on paper.""[5]  

As the following months passed, Marie grew increasingly captivating in young Louis' eyes, too. So it was that when the two finally married in 1697—he at the age of 15 and she at the age of 12 years and one day—the two were already very much in love. “From the day of his marriage to the day of her death,” wrote Godfrey Fox Bradby, “he was deeply, almost madly, in love with his wife” [6].  

**Louis and Marguerite (1234)**    

In 1234, King Louis IX of France and Marguerite of Provence married.[7] Even though he was 20[8] at the time and she was about 13[9], and despite the fact that their marriage was filled with the stresses of often personalized matters of international diplomacy and warfare[10], as well as the untimely deaths of four of their eleven children[11], Louis and Marguerite’s marriage lasted 35 years (longer than many modern marriages in America!), coming to an end only when the former passed away. Widow Marguerite died 20 years later at the approximate age of 74.[12]  

**Henry and Eleanor (1236)**  

Eleanor of Provence, who would grow up into a headstrong queen, was given away in marriage at the age of 12 to then 29-year-old King Henry III of England. Their union lasted for 36 years, during which time they had five children—the first when she was 16. In 1272, Henry passed away in his mid-60s. She followed 18 years later.[13]  

**Robert and Matilda (1237)**  

The year after Henry and Eleanor wed, a young lady by the name of Matilda of Brabant married 21-year-old Robert I of Artois. She was only 13 years-old at the time.[14]  

**Richard and Sanchia (1243)**  

At the age of 15 *or younger*, Sanchia, a remarkably attractive[15] younger sister of Eleanor of Provence, married Richard of Cornwall on 23 Nov. 1243.[16]  

The couple had three sons—Richard, who died in his infancy; Edmund, and another Richard. Sanchia passed away just a few days before her and Richard's eighteenth anniversary[17]. Her widower died about ten years later after the murder of one of his sons left him beside himself with grief [18].  

**Charles and Maria (1270)**  

Maria of Hungary was only 14 when she wed 20-year-old Charles II of Naples in 1270.[19] The first of their 14 children, Charles Martel, was born the next year[20].  

**Robert and Béatrix (1272)**  

When Frenchman Robert, Count of Clermont was about 16 [21], he married approximately 15-year-old Béatrix of Bourgogne, a wealthy heiress[22]. Their marriage was not without its trials, either. For example, some seven years into it, Robert suffered a head injury during his first jousting match, leaving him permanently disabled[23]. They also suffered the deaths of two of their six children.[24] But they remained together for 45 years, parting only when Béatrix at last died in 1310 at the age of 53. Robert died six years later at 61, shortly after the death of his second-oldest son, John[25].  

**Diniz and Elizabeth (1282)**  

Born in 1271, Elizabeth was a ""very beautiful and very lovable"" Spanish girl who was given in marriage by her father to King Diniz of Portugal when she was twelve.[26] ""[S]he was educated very piously, and led a life of strict regularity and self-denial from her childhood: she said the full Divine Office daily, fasted and did other penances, and gave up amusement.” After marrying, she became “devoted to the poor and sick, and gave every moment she could spare to helping them, even pressing her court ladies into their service.""[27]  

**Robert and Elizabeth (1302)**    

**Robert the Bruce, who was portrayed by Angus Macfadyen in the 1995 Mel Gibson film,** *Braveheart*, was 28 years-old in 1302, when he married approximately 13-year-old Lady Elizabeth de Burgo. The two's marriage lasted until 1327, when Elizabeth died. Robert himself died fewer than two years later.[28]  

**Philip and Margaret (1599)**  

In 1599, twenty-one-year-old[29] King Philip III of Spain married 14-year-old Margaret of Austria.[30]  

**Ralph and Mary (1629)**  

Sir Ralph Verney, son of Sir Edmund Verney, married 12-year-old heiress Mary Blacknall at the age of 16 in 1629. His father had earlier bought the girl's wardship and raised her with Ralph until she was old enough to marry him.  Writing of the couple, Dutton said that no couple was ever happier than them.[31]  

**Charles and Maria (1738)**  

Fourteen-year-old Maria Amalia of Saxony married 22-year-old Charles of Bourbon in 1738. Like Louis and Marie Adélaïde, theirs was an arranged marriage that nevertheless blossomed into an intense and sweet romance. After Maria died in 1760, poor Charles was left so beside himself with grief that he never remarried, though he survived for another 28 years. [32]  

**Charles and Marie (1775)**  

Marie Adélaïde Clotilde Xavière was 15 when she married the devoutly Christian 24-year-old Prince Charles Emanuel Ferdinand Marie of Piedmont in 1775[33]. She died 26 years later from typhoid fever. Stricken with grief, Charles, who had by then become a king, gave his throne to his brother. He died about 17 years later.[34]  

Such were the marital customs of our European forefathers. Indeed, John Witte, in his 1997 book, *From Sacrament to Contract,* noted that it was held that the best time to get married was puberty:  

&gt;As a created, natural institution, marriage was subject to the law of nature, communicated in reason and conscience, and often confirmed in the Bible. This natural law, medieval writers taught, communicated God's will that fit persons marry when they reach the age of puberty, that they conceive children and nurture and educate them, that they remain naturally bonded to their blood and kin, serving them in times of need, frailty, and old age. It prescribed heterosexual, life-long unions between a couple, featuring mutual support and faithfulness. It required love for one's spouse and children. It proscribed bigamy, incest, bestiality, buggery, polygamy, sodomy, and other unnatural relations.[35]  

**Intergenerational Marriages**  

You might have noticed a number of marriages wherein one spouse is a number of years older than the other. The fact of the matter is that such marriages were quite common, once upon a time. They are much less so in modern countries because for a number of cultural factors, the most practical being the fact that, due to the communication gaps between generations (newer generations raised to be retarded and codependent, older generations raised to be responsible and independent), two individuals born into different generations might as well have been raised in entirely different cultures. Neither finds it easy to understand the other's worldview. But, not too long ago, such communication gaps were almost nonexistent. The young and the old constantly participated and cooperated in the same society and culture, and thus easily understood one another and could coexist without the extraordinary effort required by modern intergenerational relationships.  

For all practical purposes, the only *inherent* complication in intergenerational romances is the likelihood that the younger spouse will likely survive the older by, perhaps, a decade or two. To counter that, this author strongly recommends that those elder spouses in intergenerational marriages commit themselves to extraordinarily healthy lifestyles.  

In fact, a 2009 study published in *The European Journal of Operational Research* found that marriages wherein the husband is at least five years older than the wife are significantly less likely to end in divorce.[36]  

**Sexual Reproduction in Youths **  

According to the first and second century Greek physician, Soranus of Ephesus, females of his time began menstruating at the approximate age of thirteen. He parenthetically asserted that the best age for marriage was the pubescent age.[37] In citing Soranus' writings, Martin relates it to the Apostle Paul's reference in 1 Cor. 7:26 to virgins past the ""flower of youth,"" clarifying:  

&gt;We should not take Paul's use of the term, therefore, to refer to women who are ""past their prime"" in the modern sense, meaning something like past child-bearing age or past the age of marriageability. Paul is not referring to ""old maids"" or to the danger that these virgins will miss out on a chance for marriage and family. If the term is taken as referring to age at all, it is probably the time immediately after the onset of puberty, considered by many to be the prime time for marriage.[38]  

According to *Adolescent Development,* the average age at which menarche (a female’s first ovulation) occurs is 12 years six months, but can range from eight years six months to nearly 17 years. For males, spermarche (a male’s first ejaculation of sperm) takes place, on average, at 13 years six months, though it can occur as early as nine years six months and even as late as 18 years six months.[39]  

Kathleen Berger's own 2008 book on adolescence concurs with this, varying by only a few months: she cites the averages as 12 years, eight months, and ""just under 13 years"" for females and males, respectively.[40]  

**Obstetric Fistulas ** [41]  

Although it is true that even 12- and 13-year-olds can parent children, there are sometimes disfiguring consequences for such pregnancies.  

If only our minds matured enough to responsibly parent a child as soon as our bodies became capable of biologically reproducing! If only females did not reach the latter developmental plateau until their bodies had physically developed enough to endure the strains of labor! As surprising as it might seem, the female body – specifically, the torso – is often not yet big enough to safely tolerate labor until the mid- to late-teens. Many times, a pregnant 13-year-old’s body breaks under the strain, usually resulting in an unpleasant medical condition called *obstetric fistula*, which is the tearing of the flesh dividing the vagina from either the rectum or the bladder. The result is odorous, humiliating, constant incontinence.  

Nowadays, thankfully, medical technology has progressed such that the condition can usually be easily and affordably fixed via basic reconstructive surgery.  

**Forefathers on the Age of Marriageability**  

Reflecting on how times have changed the age of marriageability in Western culture through the twentieth century invention of a long period of time between childhood and adulthood, Dr. Robert Epstein observes:  

&gt;Adolescence is the creation of modern industrialization, which got into high gear in the United States between 1880 and 1920. For most of human history before the Industrial Era, young people worked side by side with adults as soon as they were able, and it was not uncommon for young people, and especially young females, to marry and establish independent households soon after puberty. It wasn't until the turn of the twentieth century that adolescence was identified as a separate stage of life characterized by ""storm and stress.""[42]  

Highlighting the dramatic differences between the early Christian concept of the age of marriageability and its modern Christian counterpart are these writings from the ecclesiastic forefathers. Thomas Aquinas (c. 1226-1274), for instance, one of the most highly exalted theologians and teachers of the Roman Catholic Church, wrote:  

&gt;Further, just as consent is necessary for marriage on the part of the man, so is it on the part of the woman. Now a woman can marry before the age of fourteen. Therefore a man can also.[43]  

However, he also made statements that strongly imply that one must reach puberty before he or she enters into marriage:	  

&gt;Regarding the age for the marriage contract a disposition is required not only on the part of the use of reason, but also on the part of the body, in that it is necessary to be of an age adapted to procreation. And since a girl becomes apt for the act of procreation in her twelfth year, and a boy at the end of his second seven years, as the Philosopher says (*De Hist. Anim. vii*), whereas the age is the same in both for attaining the use of reason which is the sole condition for betrothal, hence it is that the one age is assigned for both as regards betrothal, but not as regards marriage.[44]  

John Calvin (1509-1564), the founder of the Calvinistic school of Christianity, weighed in on the age of marriageability thusly:  

&gt;	It has always been judged, and properly so, that marriage is not legitimate except between those who have reached puberty. When a boy marries, then, this is a childish game, and the sort of levity that deserves punishment.  

&gt;	First of all, it must be stated that those who are under the authority of their parents or guardians are not free or independent, especially in this matter. Even if the parents or guardians consent, or even if they are the principal instigators of the marriage—nonetheless, the contracts made before the proper age do not bind the children unless, after they reach puberty, they feel the same way, and voluntarily acknowledge that they consider their premature marriage valid.  

&gt;	If any parents betroth their children before they reach puberty, and pledge themselves and their possessions, they nevertheless cannot bind the children who are not yet ready for marriage. A contract of this sort is a profaning of marriage. If anyone has rashly put himself in a guilty position, let him bear the punishment he deserves. The terms of the marriage cannot be carried out, since the children, when they reach puberty, are free to retract whatever their parents wrongfully transacted on their behalf. [45]  

Theodore Beza (1519-1605), a disciple of Calvin and his successor, also opined, saying:[46]  

&gt;	But what if the promises to marry were performed with the consent of the parents or even by their command, but both parties or at least one has not reached puberty? I reply that these promises to marry have no force unless they are later reconfirmed by a new consent after puberty is delayed. There seems to be no consent if those, because of their age, are unable to understand what is involved. But because there is a middle period between infancy and puberty, as between two extremes, in which humans are not completely without intelligence but are not sufficiently intelligent, so too a certain middle ground like degrees of consenting can be posited between those who have power over them and the consent of those who are quite incapable of understanding these matters. It is from this that the distinction of those three states of man comes which Modestinus followed in not wanting promises to marry to be made by those under seven. Emperor Leo also warned against this, and Alexander III responded. But whatever is the case, such promises to marry regardless of the time and words you use can only be about future time and cannot fully bind persons before puberty unless after reaching puberty they give another consent, either tacit or explicit. I confess that during the wait for puberty the post-puberty person cannot break off the promises made to a pre-puberty partner and has an affinity like one previously contracted until time itself will make clear what the future outcome of the matter will be. I also agree that the pre-pubescent person cannot dissent before the years of puberty but has to wait for puberty.  

**Modern Youths and Marriage **  

Very, very few youths born and raised in typical, modern America even *approach* the level of maturity necessary to endure and maintain a marriage. American youths are simply far too selfish and short-sighted; their parents neglected to instill in them suitable appreciations for commitments and sacrifices. To their shame, the only thing for which modern teenagers are prepared is entrance into the materialistic lifestyle and artificially manufactured societies found in high school and college. *Real* life is something that is beyond their stunted, infantile comprehension and offensively self-centered perceptions.  

=============================  

**SOURCES**  

[1] 	Keil, Carl Friedrich; Peter Christie, Alexander Cusin, Frederick Crombie. Translated by Peter Christie. Manual of Biblical Archaeology: With Alterations and Additions Furnished by the Author for the English Translation. T. &amp; T. Clark, 1888.  

[2] 	Haywood, Colin. History of Childhood, A: Children and Childhood in the West from Medieval to Modern Times. Polity, 2002.    

[3] 	Stearns, Peter N. Growing Up: The History of Childhood in a Global Context. Baylor University Press, 2005.  

[4] 	Bradby, Godfrey Fox. The Great Days of Versailles: Studies from Court Life in the Later Years of Louis XIV. 1. C. Scribner's Sons, 1906.  

[5] Ibid.  

[6] Ibid.  

[7] 	""Louis IX."" NNDB: Tracking the entire world. 2009. Soylent Communications. 28 Feb 2009 &lt;http://www.nndb.com/people/231/000092952/&gt;.  

[8] Ibid.  

[9] ""Margaret Of Provence."" Encyclopædia Britannica. 2009. Encyclopædia Britannica Online. 28 Feb. 2009 &lt;http://www.britannica.com/EBchecked/topic/364618/Margaret-of-Provence&gt;.  

[10] 	Goyau, Georges. ""St. Louis IX."" The Catholic Encyclopedia. Vol. 9. New York: Robert Appleton Company, 1910. 28 Feb. 2009 &lt;http://www.newadvent.org/cathen/09368a.htm&gt;.  

[11]  	""Louis IX."" NNDB: Tracking the entire world. 2009. Soylent Communications. 28 Feb 2009 &lt;http://www.nndb.com/people/231/000092952/&gt;.  

[12] Ibid.  

[13] 	Howell, Margaret. Eleanor of Provence: queenship in thirteenth-century England. 1. Blackwell Publishing, 1998.  

[14] 	DeBacker, D. M.. Gathering Leaves. Lulu.com, 2008.   

[15] 	Goldstone, Nancy Bazelon. Four Queens: The Provençal Sisters who Ruled Europe. Viking, 2007.  

[16] 	Hunt, William; and Reginald Lane Poole. Political History of England, The. Longmans, Green, 1905.  

[17] 	Howell, Margaret. Eleanor of Provence: queenship in thirteenth-century England. 1. Blackwell Publishing, 1998.  

[18] 	""Richard of Cornwall.""Chambers's Encyclopaedia: A Dictionary of Universal Knowledge. revised. 1901.  

[19] 	Schaus, Margaret. Women and Gender in Medieval Europe. CRC Press, 2006.  

[20] 	Toynbee, Paget Jackson; Charles Southward Singleton. Dictionary of Proper Names and Notable Matters in the Works of Dante, A. Clarendon P., 1968.  

[21] 	""Robert of Clermont."" NNDB: Tracking the entire world. 2009. Soylent Communications. 1 Mar 2009 &lt;http://www.nndb.com/people/175/000092896/&gt;.  

[22] 	Jackson-Laufer, Guida Myrl. Women Rulers Throughout the Ages. 2. ABC-CLIO, 1999.  

[23] 	Keen, Maurice. Chivalry. Yale University Press, 2005.  

[24] 	""Robert of Clermont."" NNDB: Tracking the entire world. 2009. Soylent Communications. 1 Mar 2009 &lt;http://www.nndb.com/people/175/000092896/&gt;.  

[25] Ibid.  

[26] 	""St. Elizabeth of Portugal."" Catholic Online. 2009. Catholic Online. 4 Mar 2009 &lt;http://www.catholic.org/saints/saint.php?saint_id=116&gt;.  

[27] 	Capes, Florence. ""St. Elizabeth of Portugal."" The Catholic Encyclopedia. Vol. 5. New York: Robert Appleton Company, 1909. 4 Mar. 2009 &lt;http://www.newadvent.org/cathen/05391a.htm&gt;.  

[28] 	Anderson, William. The Scottish nation: or, The surnames, families, literature, honours, and biographical history of the people of Scotland. 1. A. Fullarton &amp; co., 1877.  

	Nash, Ford. ""Elizabeth De Burgh, Queen of the Scots (d. 1327)."" Berkshire History. 2004. Nash Ford Publishing. 4 Mar 2009 &lt;http://www.berkshirehistory.com/bios/edeburgh.html&gt;.  

[29] 	""Philip III.""Encyclopedia Americana, The. v.21. 1919.  

[30] 	Williamson, David. Debrett's Kings and Queens of Europe. Salem House, 1988.  

[31] 	Bradby, Godfrey Fox. The Great Days of Versailles: Studies from Court Life in the Later Years of Louis XIV. 1. C. Scribner's Sons, 1906.  

[32] 	""Famous Birthdays for Year 1724."" HistoryOrb.com. 2009. HistoryOrb.com. 4 Mar 2009 &lt;http://www.historyorb.com/birthdays/date/1724&gt;.  

[33] 	Eckard, Jean. Recherches historiques et biographiques sur Versailles. 2. 1836.  

[34] 	Noel S., McFerran. ""Charles IV."" Jacobite Heritage, The. 31 Jan 2007. Noel S. McFerran. 5 Mar 2009 &lt;http://www.jacobite.ca/kings/charles4.htm&gt;.  

[35] 	Witte, John. From Sacrament to Contract: Marriage, Religion, and Law in the Western Tradition. Westminster John Knox Press, 1997.  

[36] 	""'Younger wife' for marital bliss."" BBC News. 26 Oct 2009. British Broadcasting Company. 29 Oct 2009 &lt;http://news.bbc.co.uk/2/hi/health/8325579.stm&gt;.  

[37] 	Martin, Dale B.. Corinthian Body, The. Yale University Press, 1999.  

[38] Ibid.  

[39] 	Adams, Gerald R.. Adolescent Development: The Essential Readings. Blackwell Publishing, 2000.  

[40] 	Berger, Kathleen Stassen. Developing Person Through Childhood and Adolescence, The. 8. Macmillan, 2008.  

[41] 	""Frequently Asked Questions."" Campaign to End Fistula - UNFPA. 06 Mar 08. UNFPA United Nations Population Fund. 26 Mar 2009 &lt;http://www.endfistula.org/q_a.htm&gt;.  

[42] 	Epstein, Robert, Ph.D. The Case Against Adolescence: Rediscovering the Adult in Every Teen. 1. Sanger, California: Quill Driver Books/Word Dancer Press, Inc., 2007. Print.  

[43] 	d'Aquin, Thomas, saint; and Thomas de Aquino, S. Lehomas Aquinas, Augustinus Hunnaeus. Summa theologica. Hayes Barton Press, 1702.  

[44] Thomas, Reginaldus, Dominicans. English Province, The ""Summa Theologica"" of St. Thomas Aquinas (v. 17). B. Oates &amp; Washbourne, 1922.  

[45] 	White, John; and Robert McCune Kingdon. Sex, Marriage, and Family in John Calvin's Geneva: Courtship, engagement, and marriage. Wm. B. Eerdmans Publishing, 2005.  

[46] Ibid.",26154,6830
